city,month,zhvi,pred_pct_change,down_prob,actual_change,actual_dir,signal,score
Boise,2011-04-01,166937.93743924107,-4.0997791490272,0.9608782254344825,-1.676558979778886,0,STRONG SELL,-2
Boise,2011-05-01,166012.77582313342,-3.098412530991913,0.9457421196117143,-1.51662337562678,0,STRONG SELL,-2
Boise,2011-06-01,165317.9638195088,-2.516176518409322,0.9635722038887234,-1.3149437414529452,0,STRONG SELL,-2
Boise,2011-07-01,165356.18955783726,-2.360414930089613,0.9612086579274564,-1.5485707958617811,0,STRONG SELL,-2
Boise,2011-08-01,165318.72409137696,-0.329097966081664,0.8419339148704692,-1.3284887549839253,0,SELL,-1
Boise,2011-09-01,164938.36172812985,0.2998604816706894,0.8605988926734734,-0.645886880682478,0,SELL,-1
Boise,2011-10-01,164139.12445844582,3.8747562576380212,0.2785961806084005,0.8644102764849393,1,BUY,1
Boise,2011-11-01,163494.9872584729,4.523476621789231,0.23608172252882786,2.384644765199506,1,STRONG BUY,2
Boise,2011-12-01,163144.1256007667,3.947303166957064,0.38211902461551606,3.703879737502458,1,BUY,1
Boise,2012-01-01,162795.53189719474,4.056366728843829,0.25407463284057596,5.145392852910802,1,BUY,1
Boise,2012-02-01,163122.4834319401,4.434236427232571,0.5331417731239592,6.394178607608847,1,SELL,-1
Boise,2012-03-01,163873.04648851525,4.574440604884058,0.2893214291458054,7.659354403565066,1,BUY,1
Boise,2012-04-01,165557.959917997,4.912327359890519,0.2148385327390775,8.20777775816377,1,STRONG BUY,2
Boise,2012-05-01,167393.76191349566,4.469959851444905,0.21001562084482261,8.409730195389686,1,STRONG BUY,2
Boise,2012-06-01,169186.78781181906,4.762583389915061,0.13880172200215923,8.332074577996963,1,STRONG BUY,2
Boise,2012-07-01,171172.00156029113,5.66746863568594,0.3056668329814364,8.050171070778788,1,BUY,1
Boise,2012-08-01,173552.82637174553,4.48539987656051,0.13528666961776725,7.666413317576315,1,STRONG BUY,2
Boise,2012-09-01,176424.66389098956,4.733886904415454,0.14530204449985618,7.132833094378133,1,STRONG BUY,2
Boise,2012-10-01,179146.58932901607,5.296458942759909,0.08007154271748784,6.903469721199507,1,STRONG BUY,2
Boise,2012-11-01,181471.1256543336,4.931418890686439,0.1013020274370181,7.0325724167392245,1,STRONG BUY,2
Boise,2012-12-01,183283.55714841728,4.695791541117936,0.11258200556486841,7.39748402980247,1,STRONG BUY,2
Boise,2013-01-01,184951.6405111707,4.245026083331348,0.053937779448333,7.702874835436746,1,STRONG BUY,2
Boise,2013-02-01,186858.1033657391,4.056793287469078,0.12584192916134274,7.710919810542971,1,STRONG BUY,2
Boise,2013-03-01,189008.74070365145,4.869053578697153,0.07039809232565597,7.51947491924958,1,STRONG BUY,2
Boise,2013-04-01,191513.91987990637,4.406336766999599,0.08052969298639823,7.021768190734856,1,STRONG BUY,2
Boise,2013-05-01,194233.2139814465,4.060890819065566,0.08418386274984013,6.078565362131094,1,STRONG BUY,2
Boise,2013-06-01,196841.92901772537,4.081442961706013,0.10223131903736038,5.152527345130586,1,STRONG BUY,2
Boise,2013-07-01,199198.23388583312,4.198430912723016,0.06007823345757357,4.2513924999865615,1,STRONG BUY,2
Boise,2013-08-01,201266.5818757728,3.808683465014402,0.06586750204730996,3.698241851247519,1,STRONG BUY,2
Boise,2013-09-01,203221.205556052,4.107802969418945,0.09077395397194843,3.28750953315855,1,STRONG BUY,2
Boise,2013-10-01,204961.58338686303,3.9781465575307835,0.06509128300105205,3.1023106664975098,1,STRONG BUY,2
Boise,2013-11-01,206039.80684827664,4.349914351805914,0.12034699881822475,3.2677203436051405,1,STRONG BUY,2
Boise,2013-12-01,206984.26323704617,3.915364884711635,0.04478015548695613,3.1876924317273625,1,STRONG BUY,2
Boise,2014-01-01,207666.93266136112,3.8494493942793264,0.050995010990575906,3.211487184169637,1,STRONG BUY,2
Boise,2014-02-01,208709.906839278,3.912553165254707,0.04870125452945073,3.0293122973432673,1,STRONG BUY,2
Boise,2014-03-01,209902.12206210697,3.6941976086228,0.04424871619116977,2.899064692431841,1,STRONG BUY,2
Boise,2014-04-01,211320.1284504959,3.989665422102026,0.04093272936090886,2.5650874335275464,1,STRONG BUY,2
Boise,2014-05-01,212772.6115325825,4.2275881113057645,0.07025621701533824,2.0884632263341585,1,STRONG BUY,2
Boise,2014-06-01,213582.28493112017,4.1918481252117425,0.037706880339690496,1.9801069131098137,1,STRONG BUY,2
Boise,2014-07-01,214336.12958953893,4.286622928016684,0.03007911228989968,2.013166397007593,1,STRONG BUY,2
Boise,2014-08-01,215032.38171293391,4.363885755760066,0.04053184331042581,2.2646431226213792,1,STRONG BUY,2
Boise,2014-09-01,215987.32037147463,4.661233526637012,0.03532341649432713,2.514612806078365,1,STRONG BUY,2
Boise,2014-10-01,216740.6745098938,4.465682434969304,0.06962327793520373,2.942799717836797,1,STRONG BUY,2
Boise,2014-11-01,217216.2892801513,4.449093063976393,0.0349832917576226,3.59426352025507,1,STRONG BUY,2
Boise,2014-12-01,217811.44252021913,4.503025391482224,0.07620934189357376,4.0706244025884075,1,STRONG BUY,2
Boise,2015-01-01,218651.07252708217,4.433431161286345,0.06328161489988104,4.382066895425507,1,STRONG BUY,2
Boise,2015-02-01,219902.09775680484,4.363885755760066,0.12901966360915273,4.511416075825214,1,STRONG BUY,2
Boise,2015-03-01,221418.56518904128,4.5665916272959395,0.0688342013364639,4.613316803386169,1,STRONG BUY,2
Boise,2015-04-01,223118.91846780851,4.408411678645645,0.059846133142338664,4.56854803204596,1,STRONG BUY,2
Boise,2015-05-01,225023.6151257995,4.435611749282869,0.08641425998255325,4.198464909440003,1,STRONG BUY,2
Boise,2015-06-01,226677.728251077,4.460595669387201,0.12985919668844792,3.8871701730339714,1,STRONG BUY,2
Boise,2015-07-01,228232.50879278424,4.463847943284623,0.04588042796039471,3.876281438285889,1,STRONG BUY,2
Boise,2015-08-01,229822.7963460822,4.460595669387201,0.06842737383468855,3.9969520299226513,1,STRONG BUY,2
Boise,2015-09-01,231633.30506272387,4.6708443101836625,0.04914220781996814,4.039470060120087,1,STRONG BUY,2
Boise,2015-10-01,233312.21342659183,4.515289178527605,0.08674557969301844,4.076912686021572,1,STRONG BUY,2
Boise,2015-11-01,234471.1526448095,4.718986373115039,0.0766372147038431,4.439881330575712,1,STRONG BUY,2
Boise,2015-12-01,235489.07729256383,4.6757819984541635,0.05390570990245824,4.843462439404522,1,STRONG BUY,2
Boise,2016-01-01,237079.44316725316,4.745292881120993,0.03450677036096328,4.894213809781567,1,STRONG BUY,2
Boise,2016-02-01,239008.70326986193,4.319720170307685,0.05461965226196919,4.666901411596425,1,STRONG BUY,2
Boise,2016-03-01,240990.0630699992,4.003406382281216,0.06896119649703347,4.47726172829257,1,STRONG BUY,2
Boise,2016-04-01,242824.1486538183,4.612873804746277,0.06479976078166061,4.487292269581866,1,STRONG BUY,2
Boise,2016-05-01,244881.39357667207,4.3730145301220915,0.07646065713482375,4.531131069678573,1,STRONG BUY,2
Boise,2016-06-01,246894.90230012947,4.29636513019975,0.05437914534335031,4.689483553107432,1,STRONG BUY,2
Boise,2016-07-01,248682.6180148981,4.203562966954445,0.04154441445128576,4.8545291091906195,1,STRONG BUY,2
Boise,2016-08-01,250163.0038166014,4.2551150272761955,0.054088105941025755,5.239784151741,1,STRONG BUY,2
Boise,2016-09-01,251779.81893282043,4.494482757363081,0.04430813012085977,5.542059216536588,1,STRONG BUY,2
Boise,2016-10-01,253720.37790503903,4.375926052186853,0.04235895182151084,5.752099639800301,1,STRONG BUY,2
Boise,2016-11-01,255977.29048488653,4.9441379214822465,0.047779277176114965,5.52625455939777,1,STRONG BUY,2
Boise,2016-12-01,258472.9981369547,4.897934537784394,0.07852114289293477,5.13168974435716,1,STRONG BUY,2
Boise,2017-01-01,260754.98809592865,4.337285319993008,0.04162083368492442,4.759171008229823,1,STRONG BUY,2
Boise,2017-02-01,263271.0052441029,4.655169325194132,0.033653970806455935,4.330398184874196,1,STRONG BUY,2
Boise,2017-03-01,265733.60559336597,4.042097090651458,0.04182214535346762,4.028207821406715,1,STRONG BUY,2
Boise,2017-04-01,268314.6268486148,3.7917598443724234,0.04397025421163514,3.8131485200722626,1,STRONG BUY,2
Boise,2017-05-01,270123.24717133044,4.722030250376803,0.03543579126517926,4.073473283464457,1,STRONG BUY,2
Boise,2017-06-01,271737.0304742813,3.7972117307330833,0.04482787105473973,4.471964444307819,1,STRONG BUY,2
Boise,2017-07-01,273164.76389190316,3.8277338830033085,0.09545082924963477,4.995728121679699,1,STRONG BUY,2
Boise,2017-08-01,274671.6880764936,4.437048214980699,0.07197431664341492,5.539482758151526,1,STRONG BUY,2
Boise,2017-09-01,276437.90747798403,4.243272579285594,0.0690309794547882,6.150948886394647,1,STRONG BUY,2
Boise,2017-10-01,278545.86207143014,3.895851737099373,0.07046796595523941,6.761058186729119,1,STRONG BUY,2
Boise,2017-11-01,281126.64547728124,4.00138107961825,0.09557717752608397,7.286749144601012,1,STRONG BUY,2
Boise,2017-12-01,283889.013859109,3.801959709148506,0.09227327254672812,7.628212535174828,1,STRONG BUY,2
Boise,2018-01-01,286811.3328201709,3.7747520473543337,0.08050042538646707,7.94867387403948,1,STRONG BUY,2
Boise,2018-02-01,289887.0788790147,3.8084505020427835,0.12145733463136388,8.187128625568185,1,STRONG BUY,2
Boise,2018-03-01,293441.46186957374,3.759529987053484,0.07189510271013688,8.22977176497277,1,STRONG BUY,2
Boise,2018-04-01,297378.50988280575,3.859963740322248,0.1136140409581119,7.999630772451693,1,STRONG BUY,2
Boise,2018-05-01,301611.63891184254,3.759529987053484,0.0774584359272742,7.554268638430028,1,STRONG BUY,2
Boise,2018-06-01,305544.67120029376,3.7917598443724234,0.06389568062258422,7.175418349879359,1,STRONG BUY,2
Boise,2018-07-01,309609.03029983223,3.759529987053484,0.07063485076609621,6.691315965348799,1,STRONG BUY,2
Boise,2018-08-01,313620.506895742,3.8571314414435,0.06965247816039499,6.248718594287261,1,STRONG BUY,2
Boise,2018-09-01,317591.0244452393,3.8551018875023053,0.07237993911641549,5.83441816473671,1,STRONG BUY,2
Boise,2018-10-01,321167.692670049,3.85682843441064,0.06996076063376533,5.4684250875270735,1,STRONG BUY,2
Boise,2018-11-01,324396.19236001465,4.048295999349362,0.05398691824850044,5.012439436788596,1,STRONG BUY,2
Boise,2018-12-01,327468.77960467816,3.920714346732408,0.054375414911186026,4.621394620371344,1,STRONG BUY,2
Boise,2019-01-01,330325.9487744465,3.759529987053484,0.05652819353155125,4.3817691076809995,1,STRONG BUY,2
Boise,2019-02-01,333217.7698256342,4.364950425646398,0.037138241240269654,4.303148076149799,1,STRONG BUY,2
Boise,2019-03-01,336120.6128650457,4.3160150419163585,0.02676523973490985,4.1492415352387235,1,STRONG BUY,2
Boise,2019-04-01,338730.5073490498,3.8860496456163767,0.038385790616356275,4.244261360449575,1,STRONG BUY,2
Boise,2019-05-01,340656.35503730865,4.877018589143904,0.04145699999187735,4.648172910911552,1,STRONG BUY,2
Boise,2019-06-01,342602.40416872443,4.434101404994349,0.036323422378351844,5.226730219012676,1,STRONG BUY,2
Boise,2019-07-01,344800.0691524994,5.001076928002932,0.05089221186122672,5.802306805972557,1,STRONG BUY,2
Boise,2019-08-01,347556.62387727527,4.3155077814686145,0.0661094209561407,6.351427167085322,1,STRONG BUY,2
Boise,2019-09-01,350067.06894254114,4.789180528372996,0.040004234172160036,7.107201955679754,1,STRONG BUY,2
Boise,2019-10-01,353107.11538852035,4.9820382569260255,0.03821682512723645,7.490678651564409,1,STRONG BUY,2
Boise,2019-11-01,356490.65145145153,4.874202384273306,0.05898658002921686,7.33406070405771,1,STRONG BUY,2
Boise,2019-12-01,360509.3075584751,4.687847379860164,0.04102490649715451,6.559015823779868,1,STRONG BUY,2
Boise,2020-01-01,364806.4270319329,5.114217466685532,0.036578072624717795,5.786450204630467,1,STRONG BUY,2
Boise,2020-02-01,369631.4297072211,4.813579441074689,0.03905232046084006,5.337797227906216,1,STRONG BUY,2
Boise,2020-03-01,374947.0425126162,6.079025202089542,0.02142515812242174,5.560412052283881,1,STRONG BUY,2
Boise,2020-04-01,379557.23469808314,4.644114866996801,0.02973923516107624,6.695260706766559,1,STRONG BUY,2
Boise,2020-05-01,382635.89223319176,5.526677891178738,0.021058614728311165,9.024144639492238,1,STRONG BUY,2
Boise,2020-06-01,384155.1700874347,8.760858984299565,0.015322090666830657,12.309180855930046,1,STRONG BUY,2
Boise,2020-07-01,385915.7692754274,7.6855772130912845,0.014152078842700644,15.890388647813914,1,STRONG BUY,2
Boise,2020-08-01,389361.6059156033,9.536015271869553,0.02150742473028311,19.29181237362197,1,STRONG BUY,2
Boise,2020-09-01,395795.6430541697,9.345128093700453,0.04253701050536507,22.18246440869034,1,STRONG BUY,2
Boise,2020-10-01,404969.5810925136,8.610867703828696,0.018696035262450894,24.38061549925299,1,STRONG BUY,2
Boise,2020-11-01,417165.5085909266,6.153792329595599,0.018568519072719836,25.564249360941172,1,STRONG BUY,2
Boise,2020-12-01,431441.5247409027,9.612206016744802,0.01493033350581252,25.281128079806848,1,STRONG BUY,2
Boise,2021-01-01,447239.28486649354,7.007995440079841,0.01370789193230082,23.31577866474499,1,STRONG BUY,2
Boise,2021-02-01,464476.5163837628,10.497264692167075,0.011852540949880752,19.63773343165718,1,STRONG BUY,2
Boise,2021-03-01,483592.87070580793,8.911689501478167,0.06882826619399951,14.902324488606643,1,STRONG BUY,2
Boise,2021-04-01,503703.6575476149,9.796846920518,0.09662786425419645,10.21345092131176,1,STRONG BUY,2
Boise,2021-05-01,523810.7394549496,9.928903391100624,0.19982170864638216,6.096150297954939,1,STRONG BUY,2
Boise,2021-06-01,540514.8092001219,4.514746055634111,0.09316460943840243,3.212075208586551,1,STRONG BUY,2
Boise,2021-07-01,551516.6066277535,2.9604172019473216,0.31654229645701903,1.9288471734771884,1,BUY,1
Boise,2021-08-01,555689.1765238537,5.8780251518630235,0.06964382771077215,2.405033582695748,1,STRONG BUY,2
Boise,2021-09-01,555659.4495021554,5.190086071849739,0.04334691142675817,4.036073121556716,1,STRONG BUY,2
Boise,2021-10-01,555149.1834000928,4.5272621683436345,0.04219654712285581,5.850576438355337,1,STRONG BUY,2
Boise,2021-11-01,555743.0294089525,4.43669054126522,0.04820268736723066,7.070523947769192,1,STRONG BUY,2
Boise,2021-12-01,557876.5513851779,4.909166998471853,0.05215860408163864,7.24832669214992,1,STRONG BUY,2
Boise,2022-01-01,562154.5191059503,5.801784798041796,0.022534733546974217,5.8218711921093735,1,STRONG BUY,2
Doylestown,2011-04-01,403024.0825919494,-2.626271044431653,0.8075814678899018,-1.623623909571681,0,STRONG SELL,-2
Doylestown,2011-05-01,401990.64497679734,-2.732602875861,0.9312465014336833,-1.6093833790861711,0,STRONG SELL,-2
Doylestown,2011-06-01,401348.880292474,-2.0804278798989735,0.951567154415336,-1.5654888920181076,0,STRONG SELL,-2
Doylestown,2011-07-01,400318.5597797151,-0.7940260592744061,0.9062496921090046,-1.5281273795060724,0,STRONG SELL,-2
Doylestown,2011-08-01,399338.30594991933,-1.650165056936508,0.8804777479695337,-1.4014088774370603,0,STRONG SELL,-2
Doylestown,2011-09-01,397544.50063891214,-0.9222835095797626,0.9256084209386416,-0.7566763383127784,0,STRONG SELL,-2
Doylestown,2011-10-01,396480.4872256546,0.6727873919120552,0.8596011184057386,-0.3181628683685544,0,SELL,-1
Doylestown,2011-11-01,395521.07435105945,2.7848025165171952,0.6546141884991064,-0.0745258467126808,0,SELL,-1
Doylestown,2011-12-01,395065.80815325625,2.0778710656727775,0.5064127976378809,-0.377947283577007,0,SELL,-1
Doylestown,2012-01-01,394201.1822624769,2.463798519112356,0.651357515435014,-0.5109040410117949,0,SELL,-1
Doylestown,2012-02-01,393741.9434793304,2.80138102320158,0.5697028311102272,-0.5520786355304286,0,SELL,-1
Doylestown,2012-03-01,394536.3754683138,2.354531007346942,0.3981430238747269,-0.4571379871747605,0,BUY,1
Doylestown,2012-04-01,395219.03353497584,3.2811532959856775,0.3188706441134277,-0.2937974150623357,0,BUY,1
Doylestown,2012-05-01,395226.3089214722,2.3174173619887584,0.54936799946751,-0.0261621241631204,0,SELL,-1
Doylestown,2012-06-01,393572.6676629995,2.5496323291858425,0.57954909075301,0.6126497057903357,1,SELL,-1
Doylestown,2012-07-01,392187.1924925816,2.915931807602551,0.6866025878077202,1.382932888382915,1,SELL,-1
Doylestown,2012-08-01,391568.1783302587,2.9427368617503733,0.3683961137366444,2.144145764605465,1,BUY,1
Doylestown,2012-09-01,392732.7998228257,2.4321284929884115,0.7155339535562704,2.4626664784635377,1,SELL,-1
Doylestown,2012-10-01,394057.89023061574,3.084711039769888,0.26447237879643537,2.58783616539342,1,BUY,1
Doylestown,2012-11-01,395122.9093238069,2.9313435097022005,0.27766538345145764,2.6909668827536093,1,BUY,1
Doylestown,2012-12-01,395983.889453508,3.2399649869999867,0.22044093625149142,2.782008165616201,1,STRONG BUY,2
Doylestown,2013-01-01,397610.8781615872,3.00872197711768,0.2272157684088837,2.6240345951224153,1,STRONG BUY,2
Doylestown,2013-02-01,399963.9708414697,2.919028244596393,0.22390120288335114,2.4044440501258535,1,STRONG BUY,2
Doylestown,2013-03-01,402404.49883399374,2.8809578979856254,0.20846757922204562,2.140791052632185,1,STRONG BUY,2
Doylestown,2013-04-01,404255.46282658994,3.0745927617511932,0.3139030043101899,1.9997191810443793,1,BUY,1
Doylestown,2013-05-01,405755.535959883,3.4330399243055547,0.1527602704786284,1.7277685006065857,1,STRONG BUY,2
Doylestown,2013-06-01,407000.1935926293,3.121586417658357,0.13617352980277886,1.555736053460599,1,STRONG BUY,2
Doylestown,2013-07-01,408044.3251585172,2.563245654259215,0.21670804939898602,1.8674687644632424,1,STRONG BUY,2
Doylestown,2013-08-01,409580.8807410145,3.293832450922511,0.13006674497009985,2.166929774498505,1,STRONG BUY,2
Doylestown,2013-09-01,411019.13834042125,3.1336004893992864,0.2016204307377285,2.4717074437826225,1,STRONG BUY,2
Doylestown,2013-10-01,412339.436857153,3.111781389113278,0.23435857646675007,2.3570530718407534,1,STRONG BUY,2
Doylestown,2013-11-01,412766.05229966535,2.836698827020974,0.38357309855469157,2.2568807057201212,1,BUY,1
Doylestown,2013-12-01,413332.04234200425,3.172316724259913,0.32841638357292435,1.9255238621019188,1,BUY,1
Doylestown,2014-01-01,415664.4254760174,2.67298455707353,0.11664073425959542,1.2114760337687658,1,STRONG BUY,2
Doylestown,2014-02-01,418456.2107964448,3.1466472189888957,0.11580017309720447,0.4016173200094064,1,STRONG BUY,2
Doylestown,2014-03-01,421178.32897815265,2.6211013834849997,0.07893739342027706,-0.1783353706306445,0,STRONG BUY,2
Doylestown,2014-04-01,422058.49622000544,2.3087371973296658,0.19390253008660974,-0.3375557015961594,0,STRONG BUY,2
Doylestown,2014-05-01,422081.6896937792,4.122239273967502,0.10104920278158214,-0.0389210814524254,0,STRONG BUY,2
Doylestown,2014-06-01,421290.8494470127,2.2510527196125185,0.14340591647677803,0.3444270942059679,1,STRONG BUY,2
Doylestown,2014-07-01,420700.100371562,4.203971613183614,0.06523178768349125,0.7378654869055756,1,STRONG BUY,2
Doylestown,2014-08-01,420136.8034156584,1.9788431428641409,0.12001150691111495,1.0465048759790596,1,BUY,1
Doylestown,2014-09-01,420427.2190441535,3.5905509616228257,0.1255871665137145,1.3260111846048028,1,STRONG BUY,2
Doylestown,2014-10-01,420633.8137019438,2.1794170866531632,0.2594930885576443,1.5708505295960906,1,BUY,1
Doylestown,2014-11-01,421917.41093553766,2.123337934943556,0.10425919676413187,1.5691323290514705,1,STRONG BUY,2
Doylestown,2014-12-01,422741.88927791873,2.324409558790221,0.1973624343068745,1.3660962690029477,1,STRONG BUY,2
Doylestown,2015-01-01,423804.3012155808,2.730137910323714,0.09626664308508814,1.0506740823668317,1,STRONG BUY,2
Doylestown,2015-02-01,424533.5555491858,2.7884402543726967,0.15236611373680387,0.99923572954268,1,STRONG BUY,2
Doylestown,2015-03-01,426002.1309918019,5.7053863312040205,0.17670866670784446,0.96645183290458,1,STRONG BUY,2
Doylestown,2015-04-01,427241.34219214105,3.050972046373003,0.15990079391253198,0.8850480662982996,1,STRONG BUY,2
Doylestown,2015-05-01,428537.85343242413,3.0339363457769135,0.2795674683564493,0.5782270007355539,1,BUY,1
Doylestown,2015-06-01,428516.95045485697,3.4027074709258405,0.16341009610488233,0.6087130422545828,1,STRONG BUY,2
Doylestown,2015-07-01,428257.10316840885,3.0839819374364645,0.2141270339479039,0.8785474428302686,1,STRONG BUY,2
Doylestown,2015-08-01,428775.6465201311,3.363344357332268,0.1462999909507835,1.052204510157706,1,STRONG BUY,2
Doylestown,2015-09-01,430119.2363949848,3.6823703991209715,0.18179521703470103,0.7939198045163076,1,STRONG BUY,2
Doylestown,2015-10-01,431022.6334296395,3.4040973892395225,0.0827025303235076,0.5139362666251035,1,STRONG BUY,2
Doylestown,2015-11-01,431015.775009343,3.1872025556129673,0.1774263578066667,0.2874615957490611,1,STRONG BUY,2
Doylestown,2015-12-01,431125.3890205473,3.3753041607443848,0.25088701632793164,0.0405693548061192,1,BUY,1
Doylestown,2016-01-01,432019.5449970339,4.126949327303235,0.21111189126105578,-0.1658190739378229,0,STRONG BUY,2
Doylestown,2016-02-01,433287.2432112738,3.3191639572737426,0.14465903314154416,-0.3467075301648359,0,STRONG BUY,2
Doylestown,2016-03-01,433534.0381957588,3.0470071808529835,0.28096431858528703,-0.1652589339350307,0,BUY,1
Doylestown,2016-04-01,433237.81506019697,2.6175373107879922,0.1470541740991742,0.0210489479710362,1,STRONG BUY,2
Doylestown,2016-05-01,432254.77983411506,2.9962790831714865,0.07129445706956428,0.5144495170220198,1,STRONG BUY,2
Doylestown,2016-06-01,431300.29380927834,2.2855815037698206,0.11923739496200825,1.227321190892261,1,STRONG BUY,2
Doylestown,2016-07-01,431303.17418828944,2.742848158274722,0.08465870400710784,1.826936969477444,1,STRONG BUY,2
Doylestown,2016-08-01,431785.0037118167,2.4072655027974834,0.12198309647210503,2.1699239733090847,1,STRONG BUY,2
Doylestown,2016-09-01,432817.584465991,2.379616287690824,0.15725013148564082,2.2077413445681815,1,STRONG BUY,2
Doylestown,2016-10-01,433329.00706247985,2.7428506097183227,0.15826857532315297,2.3688878569490424,1,STRONG BUY,2
Doylestown,2016-11-01,434478.51246127626,2.7943421833998787,0.07706461064334735,2.4908140878366236,1,STRONG BUY,2
Doylestown,2016-12-01,436593.73371158016,3.439353005453171,0.04097995876919258,2.2777467713126054,1,STRONG BUY,2
Doylestown,2017-01-01,439182.811328065,3.595168385891866,0.06499549323213893,1.7743578535872828,1,STRONG BUY,2
Doylestown,2017-02-01,441154.41002051294,2.1920922455968315,0.16339574550751113,1.2797685182763807,1,STRONG BUY,2
Doylestown,2017-03-01,442373.077224808,5.211008597423829,0.14747469820885295,1.149079601297709,1,STRONG BUY,2
Doylestown,2017-04-01,443594.0852914208,2.6542622199576957,0.21056754038519654,1.1821888862330932,1,STRONG BUY,2
Doylestown,2017-05-01,445300.5644582847,2.5212271089714213,0.21401513331992084,1.0247465882919249,1,STRONG BUY,2
Doylestown,2017-06-01,446538.23338494886,2.666359698995738,0.17741785554364942,0.9136454299131458,1,STRONG BUY,2
Doylestown,2017-07-01,446975.4860324699,4.107920205631091,0.06387603054891156,0.9392215301334604,1,STRONG BUY,2
Doylestown,2017-08-01,446800.16527694336,2.982815139487711,0.16280213530691734,1.1862403388036569,1,STRONG BUY,2
Doylestown,2017-09-01,447456.2960168312,4.169347139022652,0.25466177530673884,1.5206979914396346,1,BUY,1
Doylestown,2017-10-01,448838.20526772336,2.342454601921191,0.18249579144725026,1.871578674916985,1,STRONG BUY,2
Doylestown,2017-11-01,449863.7668002157,2.818129442024531,0.16784674997456694,2.3039453680000266,1,STRONG BUY,2
Doylestown,2017-12-01,450618.0095470853,2.764870649068677,0.215314905375816,2.390214937778423,1,STRONG BUY,2
Doylestown,2018-01-01,451173.5760317056,3.0029905082985224,0.15018523941903605,2.086145053129873,1,STRONG BUY,2
Doylestown,2018-02-01,452100.28907129983,2.6216756801119385,0.14399016627001604,1.6582231829219252,1,STRONG BUY,2
Doylestown,2018-03-01,454260.75492292934,2.9798354139918315,0.11274413460314714,1.0637506705575728,1,STRONG BUY,2
Doylestown,2018-04-01,457238.56540239416,3.0005649240314445,0.10928862013890805,0.525883386039605,1,STRONG BUY,2
Doylestown,2018-05-01,460228.3822177197,2.224646577853486,0.17216008471879318,0.0183509471454623,1,STRONG BUY,2
Doylestown,2018-06-01,461388.7485235996,2.829464379027675,0.07390032344433917,-0.0777164788626993,0,STRONG BUY,2
Doylestown,2018-07-01,460585.7112691202,2.3489649477933185,0.16721418567589852,0.2752401967239803,1,STRONG BUY,2
Doylestown,2018-08-01,459597.1208747371,2.0525319679033838,0.1908289073137951,0.6032400688970263,1,STRONG BUY,2
Doylestown,2018-09-01,459092.9567495019,2.1869248909707992,0.22847509837582314,0.9365739280448482,1,STRONG BUY,2
Doylestown,2018-10-01,459643.1070524112,2.2556566852067483,0.16165970878514946,1.182542498802297,1,STRONG BUY,2
Doylestown,2018-11-01,460312.8384848889,2.3583398174476224,0.2651213732548633,1.560013853092057,1,BUY,1
Doylestown,2018-12-01,461030.17343437835,2.4481073282660133,0.24599652189558685,1.878635264451578,1,STRONG BUY,2
Doylestown,2019-01-01,461853.4282868999,2.047480333579809,0.20315810905664988,2.080798998927591,1,STRONG BUY,2
Doylestown,2019-02-01,462369.5948633506,2.2572282239493378,0.2451938786229262,2.1917863570830143,1,STRONG BUY,2
Doylestown,2019-03-01,463392.7016879079,2.617066406074968,0.23577726585637804,2.098510070918369,1,STRONG BUY,2
Doylestown,2019-04-01,465078.5821361213,2.9631205990723832,0.09757320000632741,1.857136031583062,1,STRONG BUY,2
Doylestown,2019-05-01,467493.7825328144,2.4452311268758278,0.14716929826222003,1.6687192596080536,1,STRONG BUY,2
Doylestown,2019-06-01,469691.2488522788,3.126874630708324,0.13835799510326874,1.5421553091164777,1,STRONG BUY,2
Doylestown,2019-07-01,471463.66979920655,2.400342785145102,0.08354748275272572,1.5426888221426571,1,STRONG BUY,2
Doylestown,2019-08-01,472503.74856286554,3.1966211783885328,0.14000322930598452,1.5810448574666405,1,STRONG BUY,2
Doylestown,2019-09-01,473117.0442007294,2.780262348830382,0.18113410046897926,1.8516238618571768,1,STRONG BUY,2
Doylestown,2019-10-01,473715.7240601469,3.283271752707693,0.05932167285638079,2.1476597498770955,1,STRONG BUY,2
Doylestown,2019-11-01,475294.9413194096,2.9735990183457295,0.05949263847135067,2.150662953137039,1,STRONG BUY,2
Doylestown,2019-12-01,476934.61738290975,2.947707232134099,0.08092021688517081,2.0915732584747104,1,STRONG BUY,2
Doylestown,2020-01-01,478736.8871336625,5.377682496630337,0.03141409298368547,1.8865119740385736,1,STRONG BUY,2
Doylestown,2020-02-01,479974.24478085584,3.8447099004635596,0.053986856142652084,2.124225467270646,1,STRONG BUY,2
Doylestown,2020-03-01,481877.3922856635,5.4247704536804875,0.028194090086138157,2.660620995377383,1,STRONG BUY,2
Doylestown,2020-04-01,483889.5259946254,4.020218315033864,0.017173818715004785,3.653679911115981,1,STRONG BUY,2
Doylestown,2020-05-01,485516.9335405006,4.294592296510811,0.02834729007245529,4.973403835129631,1,STRONG BUY,2
Doylestown,2020-06-01,486910.0543004994,5.3464750193304145,0.021589503295857293,6.334883001801983,1,STRONG BUY,2
Doylestown,2020-07-01,487768.3158335786,6.410000287926231,0.01420129873666831,7.56094733689654,1,STRONG BUY,2
Doylestown,2020-08-01,490169.9799248307,7.632230601467458,0.014087286744736804,8.34854550352353,1,STRONG BUY,2
Doylestown,2020-09-01,494698.3233567929,7.05463756957391,0.018907257152127266,8.685711545407182,1,STRONG BUY,2
Doylestown,2020-10-01,501569.3003978854,7.621040326013135,0.04664591089350578,8.757458143260322,1,STRONG BUY,2
Doylestown,2020-11-01,509663.6513334076,6.970150826320224,0.06202948194742086,8.852801732087269,1,STRONG BUY,2
Doylestown,2020-12-01,517755.23656444653,7.979179184089356,0.016057791280250644,8.872660539762588,1,STRONG BUY,2
Doylestown,2021-01-01,524648.2213198226,3.231495699240002,0.014342436114369361,8.586570588444275,1,STRONG BUY,2
Doylestown,2021-02-01,531092.0437434674,6.312316303649501,0.01775160505653295,7.768954800197081,1,STRONG BUY,2
Doylestown,2021-03-01,537666.3927435296,8.00580641568295,0.06119380346418868,6.4492413405215165,1,STRONG BUY,2
Doylestown,2021-04-01,545494.0219396738,6.707085164622833,0.09878989433555896,5.322905166342062,1,STRONG BUY,2
Doylestown,2021-05-01,554783.1638864707,6.462811266355187,0.4900639434445033,4.2123665017471,1,SELL,-1
Doylestown,2021-06-01,563693.9011316546,2.3104907814709494,0.5110527488404467,3.579631733606514,1,SELL,-1
Doylestown,2021-07-01,569697.5111844665,2.415234843852745,0.33711967866983616,3.777404461240419,1,BUY,1
Doylestown,2021-08-01,572352.3445693403,2.6554347638305473,0.26602426815800173,4.872777115295301,1,BUY,1
Doylestown,2021-09-01,572341.7960184361,3.595467589916446,0.19482043614639066,6.957059740980931,1,STRONG BUY,2
Doylestown,2021-10-01,574530.1514155879,4.017933681224391,0.10661339905377576,8.697319480667275,1,STRONG BUY,2
Doylestown,2021-11-01,578152.6640393571,3.375944982676195,0.21820245881790246,9.89141287491937,1,STRONG BUY,2
Doylestown,2021-12-01,583872.0668969678,3.3000790146301564,0.17735647007982325,10.164114393891822,1,STRONG BUY,2
Doylestown,2022-01-01,591217.2903875242,3.4118884336322988,0.12722110029549216,9.30580132089318,1,STRONG BUY,2
Kenner,2011-04-01,250650.5718446104,-0.530836440234298,0.9633587777226366,-2.7583669646277342,0,STRONG SELL,-2
Kenner,2011-05-01,249623.1094149482,-0.6119217249862575,0.9583100232215012,-3.014668553951283,0,STRONG SELL,-2
Kenner,2011-06-01,248884.7226845044,0.2570400420685773,0.9648224468621095,-3.5426049637083956,0,SELL,-1
Kenner,2011-07-01,248457.38629285325,-1.1399814618521968,0.8453964387810758,-3.6906016439562817,0,STRONG SELL,-2
Kenner,2011-08-01,246970.81723346637,-0.2807951569848261,0.9592104120964229,-3.468771396113124,0,SELL,-1
Kenner,2011-09-01,245714.6491046667,0.2749849266129459,0.9286933452806898,-3.551040282999829,0,SELL,-1
Kenner,2011-10-01,243736.70927419816,-0.12813846101981494,0.9499109782056226,-3.303745527164148,0,SELL,-1
Kenner,2011-11-01,242097.80003202037,2.41732455202409,0.8736068837464624,-3.078379684330512,0,SELL,-1
Kenner,2011-12-01,240067.72014477127,2.8852393465538198,0.7817282230266537,-2.3001350829182865,0,SELL,-1
Kenner,2012-01-01,239287.8139097984,6.055310444607689,0.12308078021293689,-2.2493454704138993,0,STRONG BUY,2
Kenner,2012-02-01,238403.96416852507,5.77159591525773,0.21265661890145704,-2.5318609422718574,0,STRONG BUY,2
Kenner,2012-03-01,236989.2229337283,7.365181781935471,0.08262180785122786,-2.973561339628672,0,STRONG BUY,2
Kenner,2012-04-01,235684.26864349475,6.368819889388182,0.10537650548146404,-3.3260953898912815,0,STRONG BUY,2
Kenner,2012-05-01,234645.1105396235,6.288060425089233,0.0840482873088374,-3.050171389191547,0,STRONG BUY,2
Kenner,2012-06-01,234545.8382909593,7.2014786573639435,0.058072447201808486,-2.7664163495869754,0,STRONG BUY,2
Kenner,2012-07-01,233905.4043063659,7.347044181513819,0.036983732932330815,-1.9929472892585287,0,STRONG BUY,2
Kenner,2012-08-01,232367.9073149144,6.146797961137483,0.021273966624970497,-1.3195313526990105,0,STRONG BUY,2
Kenner,2012-09-01,229942.20302148457,7.430033094794978,0.023927408665152194,-0.0146041678891428,0,STRONG BUY,2
Kenner,2012-10-01,227845.1850494445,7.87349553115641,0.00933888676781014,1.1510311610325452,1,STRONG BUY,2
Kenner,2012-11-01,227488.03251180705,9.160844510652574,0.027332710406336447,1.9401485111059549,1,STRONG BUY,2
Kenner,2012-12-01,228057.32387320235,9.792836939049884,0.05831820322165748,2.191922998522644,1,STRONG BUY,2
Kenner,2013-01-01,229243.79289181295,6.570219994137296,0.07565973282544713,2.1831525056407397,1,STRONG BUY,2
Kenner,2013-02-01,229301.73992428352,5.633625397391897,0.10630561242727332,2.3832369178893975,1,STRONG BUY,2
Kenner,2013-03-01,229908.6218761073,5.835653163536462,0.04803700170534553,1.988783454501486,1,STRONG BUY,2
Kenner,2013-04-01,230467.75412827585,6.3704058869797215,0.031080776828058543,1.3206827391869735,1,STRONG BUY,2
Kenner,2013-05-01,231901.63818752908,6.165140982649949,0.038006629169534345,0.2374750215650811,1,STRONG BUY,2
Kenner,2013-06-01,233056.16480499436,5.251922764709459,0.04618287185468384,-0.8927002193298006,0,STRONG BUY,2
Kenner,2013-07-01,234248.53450035647,6.884821026525654,0.06634485606261886,-2.3477878842074307,0,STRONG BUY,2
Kenner,2013-08-01,234766.5436435218,5.653726498993295,0.06397261611848248,-3.591560802458771,0,STRONG BUY,2
Kenner,2013-09-01,234481.00650845168,5.809121018641918,0.05747089776415015,-3.8611284114416944,0,STRONG BUY,2
Kenner,2013-10-01,233511.50197643985,5.723213623593952,0.046709968917036715,-3.030181069083704,0,STRONG BUY,2
Kenner,2013-11-01,232452.3466528247,6.003487031103373,0.03203092179080003,-1.6997243908934312,0,STRONG BUY,2
Kenner,2013-12-01,230975.67191061855,5.672499931710679,0.036973278961931144,-0.4046043516599207,0,STRONG BUY,2
Kenner,2014-01-01,228748.87578842364,5.6837037319182295,0.062034279725136976,1.0678051152089196,1,STRONG BUY,2
Kenner,2014-02-01,226334.7604847338,5.755100513158859,0.04089883339591249,2.3128393304138406,1,STRONG BUY,2
Kenner,2014-03-01,225427.3937467194,5.9426189001227545,0.062470193398535545,2.853031113370452,1,STRONG BUY,2
Kenner,2014-04-01,226435.68064941675,5.958419433311252,0.08719420296444846,2.8011840948993116,1,STRONG BUY,2
Kenner,2014-05-01,228501.29741956247,5.49814386863874,0.053090623538785464,2.772891275966183,1,STRONG BUY,2
Kenner,2014-06-01,230041.13429079248,6.062215059169024,0.061825734383658015,3.588907705533373,1,STRONG BUY,2
Kenner,2014-07-01,231191.46798507532,5.518102986581093,0.041001993102936396,4.561898977726919,1,STRONG BUY,2
Kenner,2014-08-01,231569.5198436227,5.582195097766992,0.048599637970966,5.98749142581656,1,STRONG BUY,2
Kenner,2014-09-01,231858.90742837344,6.080055597174147,0.09265839832082468,6.702432965244776,1,STRONG BUY,2
Kenner,2014-10-01,232778.5609209452,5.355979543290112,0.03495436464115875,6.750973757791412,1,STRONG BUY,2
Kenner,2014-11-01,234837.38996117903,6.1072307367229,0.05375052629222021,6.264206843262832,1,STRONG BUY,2
Kenner,2014-12-01,238297.09828525104,5.482503810274634,0.04720613109633531,5.1878049469813,1,STRONG BUY,2
Kenner,2015-01-01,241738.1891996783,5.266173772595255,0.04009834015060276,4.050488744633873,1,STRONG BUY,2
Kenner,2015-02-01,245434.72498906415,5.261045875826748,0.0669361761208268,2.3908175940830834,1,STRONG BUY,2
Kenner,2015-03-01,247399.0952727091,5.3254160065125165,0.03653045366608898,2.0498740460163978,1,STRONG BUY,2
Kenner,2015-04-01,248493.38048248272,5.172738543224136,0.059184342170270576,2.507959884986133,1,STRONG BUY,2
Kenner,2015-05-01,249548.08981366703,5.460472822828263,0.07054943053685181,3.1493065316945623,1,STRONG BUY,2
Kenner,2015-06-01,250659.4869386062,5.399241704806299,0.054883442944280825,3.6817940646753033,1,STRONG BUY,2
Kenner,2015-07-01,251529.767344693,5.045518633698656,0.06161903973507321,3.4611917239695034,1,STRONG BUY,2
Kenner,2015-08-01,251302.62157609212,5.438542300987773,0.09455753460164729,3.200795616599339,1,STRONG BUY,2
Kenner,2015-09-01,252470.46511678377,5.461923180124617,0.05750619025714099,2.2308475161714414,1,STRONG BUY,2
Kenner,2015-10-01,254725.49478182936,5.441611265594894,0.052761618004847355,1.7713478289713924,1,STRONG BUY,2
Kenner,2015-11-01,257407.1241058879,5.562119824823672,0.045248346116025906,1.7510382738377572,1,STRONG BUY,2
Kenner,2015-12-01,259888.25305125737,5.433915652713565,0.04162150919715524,1.8537718903549385,1,STRONG BUY,2
Kenner,2016-01-01,260235.6948353473,5.593064296221336,0.04835152316857949,2.3521788412010025,1,STRONG BUY,2
Kenner,2016-02-01,259346.3048718989,5.478937353465544,0.06478005722192115,3.317163167445658,1,STRONG BUY,2
Kenner,2016-03-01,258102.696216908,5.6907907293022415,0.05351798388840978,4.089268881768748,1,STRONG BUY,2
Kenner,2016-04-01,259237.5693034839,5.455266369880747,0.04784063735752686,4.00862326708995,1,STRONG BUY,2
Kenner,2016-05-01,261914.42136856704,5.616817548740011,0.06286294669224324,3.0467472898727532,1,STRONG BUY,2
Kenner,2016-06-01,264705.98843265604,5.714245168382325,0.03292834493122443,1.7306416632564492,1,STRONG BUY,2
Kenner,2016-07-01,266356.90378651675,5.341319555369596,0.02913733313001754,0.4273594269952774,1,STRONG BUY,2
Kenner,2016-08-01,267949.2449732408,5.322820939506964,0.036341819730034475,-1.1113412985633953,0,STRONG BUY,2
Kenner,2016-09-01,268657.2094563121,6.131178050579718,0.08300317828261405,-2.1201395620920716,0,STRONG BUY,2
Kenner,2016-10-01,269629.42682362185,5.59338109018333,0.06363371655305605,-3.051049030458508,0,STRONG BUY,2
Kenner,2016-11-01,269894.29190339975,6.008756773604842,0.01531666991215519,-3.645888701102229,0,STRONG BUY,2
Kenner,2016-12-01,269287.1005536064,6.027007110092044,0.014015010257992122,-3.6703237070298433,0,STRONG BUY,2
Kenner,2017-01-01,267495.2051243012,5.482683816923392,0.023533581712877893,-3.1644871877110403,0,STRONG BUY,2
Kenner,2017-02-01,264971.4143546644,9.9015857964546,0.015579557861981508,-2.1766514141833504,0,STRONG BUY,2
Kenner,2017-03-01,262961.3016722163,6.074437896346047,0.0755025173730618,-1.243003943768639,0,STRONG BUY,2
Kenner,2017-04-01,261402.9008106889,6.5732368160106285,0.09328654863849162,0.0438631080211138,1,STRONG BUY,2
Kenner,2017-05-01,260054.24640997383,6.556194339409227,0.07468110092003932,1.090311809522615,1,STRONG BUY,2
Kenner,2017-06-01,259403.3922620141,5.058148397225616,0.08927815853315468,2.0804237360898092,1,STRONG BUY,2
Kenner,2017-07-01,259030.3536304013,5.546238084094633,0.07235410525817865,2.756740509432132,1,STRONG BUY,2
Kenner,2017-08-01,259203.91031693196,5.470797661416993,0.040903185645709494,3.1539225616334488,1,STRONG BUY,2
Kenner,2017-09-01,259692.6823218453,6.06626193373119,0.03488275252207529,3.2866260911470047,1,STRONG BUY,2
Kenner,2017-10-01,261517.5602474418,5.319186235684366,0.07475041072350042,2.560976908914525,1,STRONG BUY,2
Kenner,2017-11-01,262889.6485697468,5.502621411365824,0.09983116367638922,1.767028502931911,1,STRONG BUY,2
Kenner,2017-12-01,264800.08200685517,5.396276913978865,0.08431616478457882,0.3558383232436402,1,STRONG BUY,2
Kenner,2018-01-01,266171.14832065586,5.279085364391528,0.08968334242367038,-0.3141947938165801,0,STRONG BUY,2
Kenner,2018-02-01,267379.0009250538,5.324489078338193,0.0527685471462529,-0.2867310051516414,0,STRONG BUY,2
Kenner,2018-03-01,268227.80977583455,5.202114728518197,0.03653097923723658,0.2498666177364272,1,STRONG BUY,2
Kenner,2018-04-01,268214.9645781354,5.099161804335931,0.06956796211305494,0.6754846840311135,1,STRONG BUY,2
Kenner,2018-05-01,267534.98359123175,5.377275115727587,0.098609233818865,1.254448421600585,1,STRONG BUY,2
Kenner,2018-06-01,265742.34217861615,5.753156487232483,0.07025881300132142,2.302763959607579,1,STRONG BUY,2
Kenner,2018-07-01,265334.85242999054,5.5731217336209316,0.03942059814472609,3.096919151524302,1,STRONG BUY,2
Kenner,2018-08-01,266612.34242813697,5.588123949515149,0.10121446131440415,3.84690514467978,1,STRONG BUY,2
Kenner,2018-09-01,268898.0215319499,5.6628699206925255,0.04463702592090635,4.438274428244471,1,STRONG BUY,2
Kenner,2018-10-01,270026.7155841402,5.466632328766345,0.035640494572469095,5.541987619043387,1,STRONG BUY,2
Kenner,2018-11-01,270891.07197012135,5.307235846227078,0.07378970947053687,6.155687911117624,1,STRONG BUY,2
Kenner,2018-12-01,271861.7610597224,5.694176332981438,0.019027381320655845,6.107474642505961,1,STRONG BUY,2
Kenner,2019-01-01,273552.05829056364,5.761643086501892,0.03204291717102137,5.948225171657362,1,STRONG BUY,2
Kenner,2019-02-01,276868.66634535627,5.59338109018333,0.07734257733634176,5.017290402299457,1,STRONG BUY,2
Kenner,2019-03-01,280832.4536596578,6.581456344159272,0.0723027562306966,3.9246518961987498,1,STRONG BUY,2
Kenner,2019-04-01,284991.56272992276,5.545896419149357,0.025579398684327126,2.464436622511812,1,STRONG BUY,2
Kenner,2019-05-01,287566.2809396831,5.745024535880573,0.056263606554215584,1.684958864360686,1,STRONG BUY,2
Kenner,2019-06-01,288465.6491791151,5.78846827651477,0.017854785417170116,1.6421199977179946,1,STRONG BUY,2
Kenner,2019-07-01,289823.5506793898,7.198105305772774,0.009423556958746748,2.193538860361599,1,STRONG BUY,2
Kenner,2019-08-01,290759.97136887634,5.862192312941354,0.021755701660027826,3.2015811708730135,1,STRONG BUY,2
Kenner,2019-09-01,291854.14987735305,6.3444372316920425,0.05314497520403927,4.156169274736388,1,STRONG BUY,2
Kenner,2019-10-01,292014.99917290773,6.4719692978695855,0.027064784622901628,5.485715023414617,1,STRONG BUY,2
Kenner,2019-11-01,292411.6544812886,6.013696083221281,0.04149872158923806,6.3496379779238055,1,STRONG BUY,2
Kenner,2019-12-01,293202.60129083233,5.675183915846015,0.10166245891435954,6.555939563526048,1,STRONG BUY,2
Kenner,2020-01-01,296180.942890022,6.32394540938696,0.10295589848417264,4.956235303979795,1,STRONG BUY,2
Kenner,2020-02-01,300068.887864658,5.896798793621482,0.0912739032059845,3.3062224379752037,1,STRONG BUY,2
Kenner,2020-03-01,303984.10238159867,8.027819685938193,0.040703548932106925,2.57527624208973,1,STRONG BUY,2
Kenner,2020-04-01,308034.10985316,5.965074036237807,0.01627101946032694,2.446118330525726,1,STRONG BUY,2
Kenner,2020-05-01,310978.7359461079,6.142550480416954,0.005405101819406344,2.422824872223983,1,STRONG BUY,2
Kenner,2020-06-01,312424.78663014557,9.514455581115163,0.00633569485359553,2.3705399713954467,1,STRONG BUY,2
Kenner,2020-07-01,310860.36734519753,9.660637061644247,0.012783750789981174,2.734669370679499,1,STRONG BUY,2
Kenner,2020-08-01,309989.832764622,11.752366747937371,0.005458378434190281,3.1057075002335788,1,STRONG BUY,2
Kenner,2020-09-01,311812.5327499617,11.239301822705956,0.0067676550857562745,2.686119327131853,1,STRONG BUY,2
Kenner,2020-10-01,315568.9886785499,10.746809636962702,0.00544911105407897,1.7564159094768603,1,STRONG BUY,2
Kenner,2020-11-01,318513.20610793796,10.784587973477464,0.009505026493008328,1.1524308062587307,1,STRONG BUY,2
Kenner,2020-12-01,319830.94107776013,10.403884122348328,0.011911065278356725,1.2933950539172567,1,STRONG BUY,2
Kenner,2021-01-01,319361.37059656845,10.740989952599325,0.01125296111902685,2.1295303667626886,1,STRONG BUY,2
Kenner,2021-02-01,319617.2102507544,10.709227296328333,0.010703795370929914,2.384960481706422,1,STRONG BUY,2
Kenner,2021-03-01,320188.18945657776,11.53368862702902,0.010367510190262719,2.347377365724146,1,STRONG BUY,2
Kenner,2021-04-01,321111.69260107516,10.725910888493535,0.023510198479840483,2.3886187134723125,1,STRONG BUY,2
Kenner,2021-05-01,322183.8504171282,10.15529947741744,0.11038989282453238,2.6823151312943327,1,STRONG BUY,2
Kenner,2021-06-01,323967.6186505569,9.894991302861582,0.11301285035946584,2.729739974758627,1,STRONG BUY,2
Kenner,2021-07-01,326162.2679631319,5.94451309351098,0.24771281924714983,1.8309737593162012,1,STRONG BUY,2
Kenner,2021-08-01,327239.9544079674,6.142508019043666,0.07594943708093327,1.255751273747685,1,STRONG BUY,2
Kenner,2021-09-01,327704.2145436034,8.500733416490117,0.18159372130506768,1.0671446082532787,1,STRONG BUY,2
Kenner,2021-10-01,328781.82658169215,6.500021120017406,0.020280131134693957,1.019726671363852,1,STRONG BUY,2
Kenner,2021-11-01,330825.8365874535,5.5363087851294885,0.06712798074449289,0.4312259020260445,1,STRONG BUY,2
Kenner,2021-12-01,332811.09224213473,12.103679084344465,0.0578261415504977,-0.1843491004474007,0,STRONG BUY,2
Kenner,2022-01-01,332134.21350232745,6.39695285682061,0.05443816079295194,0.37790488893088,1,STRONG BUY,2
Lutz,2011-07-01,194785.7448372782,2.240791048550067,0.9046746234598374,-1.925474305628505,0,SELL,-1
Lutz,2011-09-01,193116.10477089492,0.7352166587007252,0.8581957763566063,-1.258493756033563,0,SELL,-1
Lutz,2011-10-01,192651.3149160935,-0.9776103173383369,0.9427446330082978,-0.7030983727384754,0,STRONG SELL,-2
Lutz,2011-11-01,192405.83399169572,0.893432040656122,0.333356251388937,-0.4377623925377771,0,BUY,1
Lutz,2011-12-01,191907.78806085285,-1.515352852661903,0.9634702015363579,-0.0334402624671992,0,STRONG SELL,-2
Lutz,2012-01-01,191035.1953694093,0.9495386931623414,0.679696872626266,0.6330203777497934,1,SELL,-1
Lutz,2012-02-01,190681.21106141404,3.42270554024164,0.42215706367130834,1.2135936404266134,1,HOLD,0
Lutz,2012-03-01,190685.750650458,6.375068085232242,0.12806700594295106,1.649446182693293,1,STRONG BUY,2
Lutz,2012-04-01,191296.7866558592,5.97941157886556,0.0728585194980288,1.8552791796829116,1,STRONG BUY,2
Lutz,2012-05-01,191563.5536094314,5.840775167495988,0.1516697652976493,2.3878173137356296,1,STRONG BUY,2
Lutz,2012-06-01,191843.6135928303,5.801868357157194,0.07819148756352057,3.1458294358129857,1,STRONG BUY,2
Lutz,2012-07-01,192244.4870847718,5.982353085929912,0.23704387649805192,4.001148890307538,1,STRONG BUY,2
Lutz,2012-08-01,192995.30611234385,5.91779597187,0.348212656224527,4.6955174450227455,1,BUY,1
Lutz,2012-09-01,193831.00948550203,5.458308791709073,0.0961650991356161,5.3133553544866485,1,STRONG BUY,2
Lutz,2012-10-01,194845.8761100878,7.272399818221772,0.1316941311630263,5.870368682153093,1,STRONG BUY,2
Lutz,2012-11-01,196137.74130932463,5.44519479147934,0.15515785799847537,6.411889714689023,1,STRONG BUY,2
Lutz,2012-12-01,197878.6864599609,6.014509918580969,0.09099930632232467,6.684758064212426,1,STRONG BUY,2
Lutz,2013-01-01,199936.4752464416,5.775952619807378,0.20618230239822644,6.768711884494594,1,STRONG BUY,2
Lutz,2013-02-01,202057.43437892396,2.6814308515568537,0.5209037776795136,6.73706184234979,1,SELL,-1
Lutz,2013-03-01,204129.93980665543,5.097003701661748,0.28729794967833977,6.720286627344407,1,BUY,1
Lutz,2013-04-01,206284.0473997212,6.108327390174003,0.15263666185138358,6.627481972171267,1,STRONG BUY,2
Lutz,2013-05-01,208713.87697096055,5.74712292469306,0.2522692787686991,6.336954018927465,1,BUY,1
Lutz,2013-06-01,211106.39791045076,6.148472428517769,0.22634596884691438,6.057224757266733,1,STRONG BUY,2
Lutz,2013-07-01,213469.59920788705,6.206966033047574,0.08441439792957506,5.703099711069504,1,STRONG BUY,2
Lutz,2013-08-01,215670.1686900974,6.163401538371469,0.10693703141045585,5.575192823506447,1,STRONG BUY,2
Lutz,2013-09-01,217848.05685388832,5.831662491529164,0.3167863271937217,5.2137961343589945,1,BUY,1
Lutz,2013-10-01,219955.48545260297,5.960982711255796,0.13207923216950068,4.680977250005136,1,STRONG BUY,2
Lutz,2013-11-01,221939.9793857312,5.386922425542096,0.10884194955531101,3.928511951150115,1,STRONG BUY,2
Lutz,2013-12-01,223893.58690885655,5.96932801932895,0.08142657093510208,3.183925293407519,1,STRONG BUY,2
Lutz,2014-01-01,225643.98330353328,6.222725389866289,0.17675818857601167,2.6658001434150203,1,STRONG BUY,2
Lutz,2014-02-01,227694.19645735197,5.318025500490113,0.118603189756606,1.9157127627743575,1,STRONG BUY,2
Lutz,2014-03-01,229206.21042091257,5.1254789554516105,0.10839911333177121,1.5521902954829692,1,STRONG BUY,2
Lutz,2014-04-01,230251.55168677768,5.230341731112608,0.1070660319312724,1.2864608541923506,1,STRONG BUY,2
Lutz,2014-05-01,230658.91800027972,5.7466334767662115,0.05356428495755028,1.4892926255771988,1,STRONG BUY,2
Lutz,2014-06-01,231022.19145276505,5.833398529034364,0.08163305754870664,1.7646144430695232,1,STRONG BUY,2
Lutz,2014-07-01,231659.20093404624,6.138477692217522,0.08108863319867698,2.0453638877381275,1,STRONG BUY,2
Lutz,2014-08-01,232056.16323898197,6.1370996536662155,0.07668794539074841,2.4503423556519577,1,STRONG BUY,2
Lutz,2014-09-01,232763.9269757102,5.951810818217897,0.0571932389696167,2.647016002215441,1,STRONG BUY,2
Lutz,2014-10-01,233213.64776539852,6.293551421767978,0.18455432334627975,2.8903124100062128,1,STRONG BUY,2
Lutz,2014-11-01,234094.10425629403,6.171959873733137,0.06109799050030562,2.950850139827743,1,STRONG BUY,2
Lutz,2014-12-01,235098.84240983624,5.963479927609114,0.09981888194774202,2.9042562333699617,1,STRONG BUY,2
Lutz,2015-01-01,236397.4745725739,5.785907769086568,0.07384358522848988,2.79677878447564,1,STRONG BUY,2
Lutz,2015-02-01,237742.3336957276,5.7740150773689765,0.0489340032695349,2.650572209551006,1,STRONG BUY,2
Lutz,2015-03-01,238925.22537014232,5.974847860152129,0.08238470192514258,2.762266273229841,1,STRONG BUY,2
Lutz,2015-04-01,239954.25076859,5.9513889737197765,0.1659007866560569,3.0889464959702906,1,STRONG BUY,2
Lutz,2015-05-01,241001.87045906935,5.384187980037314,0.10186112782843926,3.5178916094522616,1,STRONG BUY,2
Lutz,2015-06-01,241926.71519510457,5.948558544320475,0.1143135200033415,3.9316246187079296,1,STRONG BUY,2
Lutz,2015-07-01,243008.98898845585,5.316409058630735,0.11609383124474304,4.139205052481287,1,STRONG BUY,2
Lutz,2015-08-01,244043.86592300457,5.697819274987812,0.1281174954531753,4.315954019127366,1,STRONG BUY,2
Lutz,2015-09-01,245524.97628878016,6.02032610536712,0.11617526263057087,4.112808327779094,1,STRONG BUY,2
Lutz,2015-10-01,247366.30918963812,6.086753718726403,0.07342733761128506,3.7917705232134447,1,STRONG BUY,2
Lutz,2015-11-01,249480.055038572,5.618337799119742,0.14510737098879123,3.3619462398898348,1,STRONG BUY,2
Lutz,2015-12-01,251438.36548894667,6.17468200664535,0.0852155886681798,3.1028251241931537,1,STRONG BUY,2
Lutz,2016-01-01,253067.62933864968,5.819509842040691,0.10560956541986177,2.922244401257723,1,STRONG BUY,2
Lutz,2016-02-01,254576.68696274227,6.232554520866821,0.05394786504406268,2.6689837787863047,1,STRONG BUY,2
Lutz,2016-03-01,255622.94796036277,5.900978072767985,0.05635711242038188,2.7085212102527345,1,STRONG BUY,2
Lutz,2016-04-01,256745.87198585185,5.9339067957932965,0.04110556885546124,2.8814439920439527,1,STRONG BUY,2
Lutz,2016-05-01,257867.44036821637,6.040449576899359,0.028111581491847892,3.1725869198632184,1,STRONG BUY,2
Lutz,2016-06-01,259240.0582651983,6.2539093944605995,0.10610918507270173,3.3065800212557006,1,STRONG BUY,2
Lutz,2016-07-01,260462.883968394,5.805571025559213,0.029202529396011534,3.4746894344887647,1,STRONG BUY,2
Lutz,2016-08-01,261371.29744234943,6.186227615987293,0.034420817153759775,3.864493188485718,1,STRONG BUY,2
Lutz,2016-09-01,262546.54972414253,6.248055300654477,0.024929953977793406,4.215089490799806,1,STRONG BUY,2
Lutz,2016-10-01,264143.860489009,5.376693800012785,0.03940785728037188,4.396570178350423,1,STRONG BUY,2
Lutz,2016-11-01,266048.5090519245,5.681034624605407,0.056759161726792184,4.256840478103374,1,STRONG BUY,2
Lutz,2016-12-01,267812.038238887,4.69009589382376,0.07528066010833845,4.077213686238745,1,STRONG BUY,2
Lutz,2017-01-01,269513.16027840856,5.586768066677455,0.04144304967429002,3.812082334335321,1,STRONG BUY,2
Lutz,2017-02-01,271471.9734286658,5.721092995588546,0.038950423676477275,3.437585704781476,1,STRONG BUY,2
Lutz,2017-03-01,273613.12175002234,5.3012602036809255,0.05337113944340388,3.0516610642964848,1,STRONG BUY,2
Lutz,2017-04-01,275757.13068721234,4.945375131547744,0.044823622489759574,2.6993614352251782,1,STRONG BUY,2
Lutz,2017-05-01,277373.76967663737,5.496743120931726,0.046599449747510735,2.6279062913771023,1,STRONG BUY,2
Lutz,2017-06-01,278731.30731535784,5.779953880681296,0.03729567849044124,2.707188391316806,1,STRONG BUY,2
Lutz,2017-07-01,279787.2238500906,5.5862160799587235,0.05590898615038309,2.9308174886424787,1,STRONG BUY,2
Lutz,2017-08-01,280804.05517973774,5.574875128305206,0.02968959724878495,3.163864466068933,1,STRONG BUY,2
Lutz,2017-09-01,281962.8668532739,5.615013686469859,0.02631872003477942,3.4150193573472043,1,STRONG BUY,2
Lutz,2017-10-01,283200.81232786644,5.245373681924281,0.046427865062353524,3.5784770216123807,1,STRONG BUY,2
Lutz,2017-11-01,284662.8924205996,5.330443684708338,0.0534124327593587,3.535653625712265,1,STRONG BUY,2
Lutz,2017-12-01,286277.0889099648,5.327448004736729,0.029471763301521015,3.230354631207488,1,STRONG BUY,2
Lutz,2018-01-01,287987.2767376763,5.21912637934364,0.035451888944347254,3.008045044260732,1,STRONG BUY,2
Lutz,2018-02-01,289688.31490085006,6.006551707205105,0.0604697369265893,2.832098860013343,1,STRONG BUY,2
Lutz,2018-03-01,291591.95333684434,5.061558922584688,0.06363435848143861,2.5636956446336123,1,STRONG BUY,2
Lutz,2018-04-01,293335.08832203876,5.4315081820045865,0.03952416079075027,2.124555951544038,1,STRONG BUY,2
Lutz,2018-05-01,294727.5862975259,5.083125914144429,0.0691283582111567,1.8127960102407803,1,STRONG BUY,2
Lutz,2018-06-01,295524.8541096538,4.869409936559314,0.04339525684867773,1.823430277269367,1,STRONG BUY,2
Lutz,2018-07-01,296650.06374368543,5.009095334060493,0.062511618060893,1.7457143731605562,1,STRONG BUY,2
Lutz,2018-08-01,297892.5743647489,5.226168989154561,0.046638523050046676,1.6033252596408198,1,STRONG BUY,2
Lutz,2018-09-01,299067.4835446431,5.362400688729112,0.04599451377012831,1.2982090658043122,1,STRONG BUY,2
Lutz,2018-10-01,299567.1563989516,5.465622162959813,0.04314212740759871,1.200886123373368,1,STRONG BUY,2
Lutz,2018-11-01,300070.3962230064,5.838164562177415,0.034236968548638,1.0182855108595843,1,STRONG BUY,2
Lutz,2018-12-01,300913.5437763453,5.907194729375278,0.07110300500643318,0.8691874019198353,1,STRONG BUY,2
Lutz,2019-01-01,301828.7265444489,5.938516663736468,0.04311095714290847,0.7892182100796674,1,STRONG BUY,2
Lutz,2019-02-01,302668.76125613326,5.50412222301392,0.08208107231394834,0.8915603805499384,1,STRONG BUY,2
Lutz,2019-03-01,302950.00472889247,5.723685770287393,0.036285943042394186,1.1818893199249114,1,STRONG BUY,2
Lutz,2019-04-01,303164.6168103308,6.010923674138251,0.0461996994768511,1.6005924523371462,1,STRONG BUY,2
Lutz,2019-05-01,303125.96959012427,6.188289227366026,0.026637727066328276,2.1721526713767147,1,STRONG BUY,2
Lutz,2019-06-01,303529.0463895199,5.544538119209368,0.06826213034901463,2.691895879591799,1,STRONG BUY,2
Lutz,2019-07-01,304210.8138175892,5.8090577795494776,0.06620596358214126,3.2683982793619837,1,STRONG BUY,2
Lutz,2019-08-01,305367.2360157942,5.920988906647609,0.04878304915723364,3.6145262584639015,1,STRONG BUY,2
Lutz,2019-09-01,306530.53847949527,5.759906778496004,0.046638523050046676,3.913171762292156,1,STRONG BUY,2
Lutz,2019-10-01,308017.04678515374,5.825140479282386,0.03791453241026621,3.796131257896862,1,STRONG BUY,2
Lutz,2019-11-01,309710.32843621273,5.224841748437883,0.0522733897717198,3.3981550051396026,1,STRONG BUY,2
Lutz,2019-12-01,311699.7322826437,5.283893451862989,0.04095475113143121,2.799467642360076,1,STRONG BUY,2
Lutz,2020-01-01,314153.6348220364,5.09587595631954,0.027714390606202732,2.217304299290368,1,STRONG BUY,2
Lutz,2020-02-01,316404.8149463305,5.591534587559731,0.03322091501058844,2.15077121337377,1,STRONG BUY,2
Lutz,2020-03-01,318525.604954077,6.081541877287682,0.017409631843580797,2.6083528292917935,1,STRONG BUY,2
Lutz,2020-04-01,319709.7781778158,6.0842157124343,0.011249413150657084,3.676634815926927,1,STRONG BUY,2
Lutz,2020-05-01,320234.7654634022,5.999220006004655,0.006185955156552292,5.156193091085459,1,STRONG BUY,2
Lutz,2020-06-01,320425.66542921925,8.923452711171006,0.006992082791017151,6.735504707462825,1,STRONG BUY,2
Lutz,2020-07-01,321119.37687332236,10.021387462688148,0.007547541358395193,8.168692528565579,1,STRONG BUY,2
Lutz,2020-08-01,323209.9586239247,11.057513170487622,0.0072598899995066635,9.174555941208771,1,STRONG BUY,2
Lutz,2020-09-01,326833.8765829155,11.70549301310148,0.010098431854494883,9.768201073125503,1,STRONG BUY,2
Lutz,2020-10-01,331464.3391922241,11.358040193549444,0.00964190401663556,10.160921944275202,1,STRONG BUY,2
Lutz,2020-11-01,336746.6883154799,10.241169174363389,0.021869946634244686,10.636422234959886,1,STRONG BUY,2
Lutz,2020-12-01,342007.9512081234,9.804071436928924,0.014625429786798927,11.377949843505151,1,STRONG BUY,2
Lutz,2021-01-01,347350.6314197498,6.467708738349778,0.022351838740301333,12.03727350925481,1,STRONG BUY,2
Lutz,2021-02-01,352863.0370854344,8.635224537349993,0.03266591566584476,12.255743584394027,1,STRONG BUY,2
Lutz,2021-03-01,358759.66682262556,7.730573650338268,0.06268673499789135,12.030693151841486,1,STRONG BUY,2
Lutz,2021-04-01,365144.1719706536,7.071890326479242,0.08129274455418489,11.6962233337212,1,STRONG BUY,2
Lutz,2021-05-01,372564.48794695863,6.594257556718159,0.07724774036302462,11.37519901652726,1,STRONG BUY,2
Lutz,2021-06-01,380921.4443573833,5.839811719649548,0.0562088146145322,10.993810601818922,1,STRONG BUY,2
Lutz,2021-07-01,389162.17695986864,6.540353989644999,0.06238541505771744,11.204581722900889,1,STRONG BUY,2
Lutz,2021-08-01,396109.0261147305,5.6754878485907785,0.027508955914554045,12.17743124965862,1,STRONG BUY,2
Lutz,2021-09-01,401920.9414906245,5.230617394828092,0.05183954112554123,14.018661658023168,1,STRONG BUY,2
Lutz,2021-10-01,407852.24981440825,5.618698858317276,0.04537522825931273,15.957061820661478,1,STRONG BUY,2
Lutz,2021-11-01,414944.4399158309,5.250667822491563,0.04583891303654086,17.33093561447312,1,STRONG BUY,2
Lutz,2021-12-01,422799.2264917471,5.460694808558096,0.04721168421263622,17.907738343839696,1,STRONG BUY,2
Lutz,2022-01-01,432766.1711119573,7.853229301804981,0.023593163369415082,16.98599910240062,1,STRONG BUY,2
