city,restaurant_signal,housing_target,lag_months,correlation,p_value,significant,n
Indianapolis,review_volume,zhvi_3m_fwd,0,0.596,0.0,True,197
Indianapolis,review_volume,zhvi_3m_fwd,1,0.602,0.0,True,196
Indianapolis,review_volume,zhvi_3m_fwd,2,0.598,0.0,True,195
Indianapolis,review_volume,zhvi_3m_fwd,3,0.599,0.0,True,194
Indianapolis,review_volume,zhvi_3m_fwd,6,0.621,0.0,True,191
Indianapolis,review_volume,zhvi_3m_fwd,9,0.642,0.0,True,188
Indianapolis,review_volume,zhvi_3m_fwd,12,0.685,0.0,True,185
Indianapolis,review_volume,zhvi_6m_fwd,0,0.608,0.0,True,197
Indianapolis,review_volume,zhvi_6m_fwd,1,0.616,0.0,True,196
Indianapolis,review_volume,zhvi_6m_fwd,2,0.62,0.0,True,195
Indianapolis,review_volume,zhvi_6m_fwd,3,0.628,0.0,True,194
Indianapolis,review_volume,zhvi_6m_fwd,6,0.654,0.0,True,191
Indianapolis,review_volume,zhvi_6m_fwd,9,0.683,0.0,True,188
Indianapolis,review_volume,zhvi_6m_fwd,12,0.729,0.0,True,185
Indianapolis,review_volume,zhvi_12m_fwd,0,0.674,0.0,True,197
Indianapolis,review_volume,zhvi_12m_fwd,1,0.681,0.0,True,196
Indianapolis,review_volume,zhvi_12m_fwd,2,0.687,0.0,True,195
Indianapolis,review_volume,zhvi_12m_fwd,3,0.695,0.0,True,194
Indianapolis,review_volume,zhvi_12m_fwd,6,0.729,0.0,True,191
Indianapolis,review_volume,zhvi_12m_fwd,9,0.765,0.0,True,188
Indianapolis,review_volume,zhvi_12m_fwd,12,0.797,0.0,True,185
Indianapolis,review_yoy_growth,zhvi_3m_fwd,0,-0.378,0.0,True,185
Indianapolis,review_yoy_growth,zhvi_3m_fwd,1,-0.395,0.0,True,184
Indianapolis,review_yoy_growth,zhvi_3m_fwd,2,-0.401,0.0,True,183
Indianapolis,review_yoy_growth,zhvi_3m_fwd,3,-0.394,0.0,True,182
Indianapolis,review_yoy_growth,zhvi_3m_fwd,6,-0.331,0.0,True,179
Indianapolis,review_yoy_growth,zhvi_3m_fwd,9,-0.35,0.0,True,176
Indianapolis,review_yoy_growth,zhvi_3m_fwd,12,-0.319,0.0,True,173
Indianapolis,review_yoy_growth,zhvi_6m_fwd,0,-0.399,0.0,True,185
Indianapolis,review_yoy_growth,zhvi_6m_fwd,1,-0.395,0.0,True,184
Indianapolis,review_yoy_growth,zhvi_6m_fwd,2,-0.388,0.0,True,183
Indianapolis,review_yoy_growth,zhvi_6m_fwd,3,-0.375,0.0,True,182
Indianapolis,review_yoy_growth,zhvi_6m_fwd,6,-0.348,0.0,True,179
Indianapolis,review_yoy_growth,zhvi_6m_fwd,9,-0.348,0.0,True,176
Indianapolis,review_yoy_growth,zhvi_6m_fwd,12,-0.35,0.0,True,173
Indianapolis,review_yoy_growth,zhvi_12m_fwd,0,-0.397,0.0,True,185
Indianapolis,review_yoy_growth,zhvi_12m_fwd,1,-0.394,0.0,True,184
Indianapolis,review_yoy_growth,zhvi_12m_fwd,2,-0.389,0.0,True,183
Indianapolis,review_yoy_growth,zhvi_12m_fwd,3,-0.383,0.0,True,182
Indianapolis,review_yoy_growth,zhvi_12m_fwd,6,-0.376,0.0,True,179
Indianapolis,review_yoy_growth,zhvi_12m_fwd,9,-0.393,0.0,True,176
Indianapolis,review_yoy_growth,zhvi_12m_fwd,12,-0.424,0.0,True,173
Indianapolis,checkin_volume,zhvi_3m_fwd,0,0.229,0.0012,True,197
Indianapolis,checkin_volume,zhvi_3m_fwd,1,0.243,0.0006,True,196
Indianapolis,checkin_volume,zhvi_3m_fwd,2,0.249,0.0005,True,195
Indianapolis,checkin_volume,zhvi_3m_fwd,3,0.258,0.0003,True,194
Indianapolis,checkin_volume,zhvi_3m_fwd,6,0.304,0.0,True,191
Indianapolis,checkin_volume,zhvi_3m_fwd,9,0.36,0.0,True,188
Indianapolis,checkin_volume,zhvi_3m_fwd,12,0.41,0.0,True,185
Indianapolis,checkin_volume,zhvi_6m_fwd,0,0.226,0.0014,True,197
Indianapolis,checkin_volume,zhvi_6m_fwd,1,0.242,0.0006,True,196
Indianapolis,checkin_volume,zhvi_6m_fwd,2,0.255,0.0003,True,195
Indianapolis,checkin_volume,zhvi_6m_fwd,3,0.27,0.0001,True,194
Indianapolis,checkin_volume,zhvi_6m_fwd,6,0.323,0.0,True,191
Indianapolis,checkin_volume,zhvi_6m_fwd,9,0.374,0.0,True,188
Indianapolis,checkin_volume,zhvi_6m_fwd,12,0.426,0.0,True,185
Indianapolis,checkin_volume,zhvi_12m_fwd,0,0.285,0.0,True,197
Indianapolis,checkin_volume,zhvi_12m_fwd,1,0.302,0.0,True,196
Indianapolis,checkin_volume,zhvi_12m_fwd,2,0.317,0.0,True,195
Indianapolis,checkin_volume,zhvi_12m_fwd,3,0.333,0.0,True,194
Indianapolis,checkin_volume,zhvi_12m_fwd,6,0.387,0.0,True,191
Indianapolis,checkin_volume,zhvi_12m_fwd,9,0.439,0.0,True,188
Indianapolis,checkin_volume,zhvi_12m_fwd,12,0.485,0.0,True,185
Indianapolis,checkin_yoy_growth,zhvi_3m_fwd,0,,,False,145
Indianapolis,checkin_yoy_growth,zhvi_3m_fwd,1,,,False,144
Indianapolis,checkin_yoy_growth,zhvi_3m_fwd,2,,,False,143
Indianapolis,checkin_yoy_growth,zhvi_3m_fwd,3,,,False,142
Indianapolis,checkin_yoy_growth,zhvi_3m_fwd,6,,,False,139
Indianapolis,checkin_yoy_growth,zhvi_3m_fwd,9,,,False,136
Indianapolis,checkin_yoy_growth,zhvi_3m_fwd,12,,,False,133
Indianapolis,checkin_yoy_growth,zhvi_6m_fwd,0,,,False,145
Indianapolis,checkin_yoy_growth,zhvi_6m_fwd,1,,,False,144
Indianapolis,checkin_yoy_growth,zhvi_6m_fwd,2,,,False,143
Indianapolis,checkin_yoy_growth,zhvi_6m_fwd,3,,,False,142
Indianapolis,checkin_yoy_growth,zhvi_6m_fwd,6,,,False,139
Indianapolis,checkin_yoy_growth,zhvi_6m_fwd,9,,,False,136
Indianapolis,checkin_yoy_growth,zhvi_6m_fwd,12,,,False,133
Indianapolis,checkin_yoy_growth,zhvi_12m_fwd,0,,,False,145
Indianapolis,checkin_yoy_growth,zhvi_12m_fwd,1,,,False,144
Indianapolis,checkin_yoy_growth,zhvi_12m_fwd,2,,,False,143
Indianapolis,checkin_yoy_growth,zhvi_12m_fwd,3,,,False,142
Indianapolis,checkin_yoy_growth,zhvi_12m_fwd,6,,,False,139
Indianapolis,checkin_yoy_growth,zhvi_12m_fwd,9,,,False,136
Indianapolis,checkin_yoy_growth,zhvi_12m_fwd,12,,,False,133
Indianapolis,avg_stars,zhvi_3m_fwd,0,0.109,0.1281,False,197
Indianapolis,avg_stars,zhvi_3m_fwd,1,0.084,0.2426,False,196
Indianapolis,avg_stars,zhvi_3m_fwd,2,0.079,0.2735,False,195
Indianapolis,avg_stars,zhvi_3m_fwd,3,0.054,0.4579,False,194
Indianapolis,avg_stars,zhvi_3m_fwd,6,0.054,0.4598,False,191
Indianapolis,avg_stars,zhvi_3m_fwd,9,0.048,0.5094,False,188
Indianapolis,avg_stars,zhvi_3m_fwd,12,0.022,0.7613,False,185
Indianapolis,avg_stars,zhvi_6m_fwd,0,0.098,0.1711,False,197
Indianapolis,avg_stars,zhvi_6m_fwd,1,0.082,0.2561,False,196
Indianapolis,avg_stars,zhvi_6m_fwd,2,0.068,0.3449,False,195
Indianapolis,avg_stars,zhvi_6m_fwd,3,0.058,0.4193,False,194
Indianapolis,avg_stars,zhvi_6m_fwd,6,0.06,0.4086,False,191
Indianapolis,avg_stars,zhvi_6m_fwd,9,0.047,0.5214,False,188
Indianapolis,avg_stars,zhvi_6m_fwd,12,-0.002,0.9756,False,185
Indianapolis,avg_stars,zhvi_12m_fwd,0,0.082,0.2519,False,197
Indianapolis,avg_stars,zhvi_12m_fwd,1,0.073,0.3085,False,196
Indianapolis,avg_stars,zhvi_12m_fwd,2,0.067,0.3499,False,195
Indianapolis,avg_stars,zhvi_12m_fwd,3,0.061,0.3968,False,194
Indianapolis,avg_stars,zhvi_12m_fwd,6,0.035,0.6297,False,191
Indianapolis,avg_stars,zhvi_12m_fwd,9,-0.007,0.9251,False,188
Indianapolis,avg_stars,zhvi_12m_fwd,12,-0.056,0.4458,False,185
Indianapolis,reviews_per_restaurant,zhvi_3m_fwd,0,0.596,0.0,True,197
Indianapolis,reviews_per_restaurant,zhvi_3m_fwd,1,0.602,0.0,True,196
Indianapolis,reviews_per_restaurant,zhvi_3m_fwd,2,0.598,0.0,True,195
Indianapolis,reviews_per_restaurant,zhvi_3m_fwd,3,0.599,0.0,True,194
Indianapolis,reviews_per_restaurant,zhvi_3m_fwd,6,0.621,0.0,True,191
Indianapolis,reviews_per_restaurant,zhvi_3m_fwd,9,0.642,0.0,True,188
Indianapolis,reviews_per_restaurant,zhvi_3m_fwd,12,0.685,0.0,True,185
Indianapolis,reviews_per_restaurant,zhvi_6m_fwd,0,0.608,0.0,True,197
Indianapolis,reviews_per_restaurant,zhvi_6m_fwd,1,0.616,0.0,True,196
Indianapolis,reviews_per_restaurant,zhvi_6m_fwd,2,0.62,0.0,True,195
Indianapolis,reviews_per_restaurant,zhvi_6m_fwd,3,0.628,0.0,True,194
Indianapolis,reviews_per_restaurant,zhvi_6m_fwd,6,0.654,0.0,True,191
Indianapolis,reviews_per_restaurant,zhvi_6m_fwd,9,0.683,0.0,True,188
Indianapolis,reviews_per_restaurant,zhvi_6m_fwd,12,0.729,0.0,True,185
Indianapolis,reviews_per_restaurant,zhvi_12m_fwd,0,0.674,0.0,True,197
Indianapolis,reviews_per_restaurant,zhvi_12m_fwd,1,0.681,0.0,True,196
Indianapolis,reviews_per_restaurant,zhvi_12m_fwd,2,0.687,0.0,True,195
Indianapolis,reviews_per_restaurant,zhvi_12m_fwd,3,0.695,0.0,True,194
Indianapolis,reviews_per_restaurant,zhvi_12m_fwd,6,0.729,0.0,True,191
Indianapolis,reviews_per_restaurant,zhvi_12m_fwd,9,0.765,0.0,True,188
Indianapolis,reviews_per_restaurant,zhvi_12m_fwd,12,0.797,0.0,True,185
Nashville,review_volume,zhvi_3m_fwd,0,0.518,0.0,True,197
Nashville,review_volume,zhvi_3m_fwd,1,0.529,0.0,True,196
Nashville,review_volume,zhvi_3m_fwd,2,0.526,0.0,True,195
Nashville,review_volume,zhvi_3m_fwd,3,0.526,0.0,True,194
Nashville,review_volume,zhvi_3m_fwd,6,0.52,0.0,True,191
Nashville,review_volume,zhvi_3m_fwd,9,0.489,0.0,True,188
Nashville,review_volume,zhvi_3m_fwd,12,0.513,0.0,True,185
Nashville,review_volume,zhvi_6m_fwd,0,0.523,0.0,True,197
Nashville,review_volume,zhvi_6m_fwd,1,0.533,0.0,True,196
Nashville,review_volume,zhvi_6m_fwd,2,0.533,0.0,True,195
Nashville,review_volume,zhvi_6m_fwd,3,0.534,0.0,True,194
Nashville,review_volume,zhvi_6m_fwd,6,0.519,0.0,True,191
Nashville,review_volume,zhvi_6m_fwd,9,0.501,0.0,True,188
Nashville,review_volume,zhvi_6m_fwd,12,0.544,0.0,True,185
Nashville,review_volume,zhvi_12m_fwd,0,0.548,0.0,True,197
Nashville,review_volume,zhvi_12m_fwd,1,0.545,0.0,True,196
Nashville,review_volume,zhvi_12m_fwd,2,0.539,0.0,True,195
Nashville,review_volume,zhvi_12m_fwd,3,0.535,0.0,True,194
Nashville,review_volume,zhvi_12m_fwd,6,0.539,0.0,True,191
Nashville,review_volume,zhvi_12m_fwd,9,0.563,0.0,True,188
Nashville,review_volume,zhvi_12m_fwd,12,0.604,0.0,True,185
Nashville,review_yoy_growth,zhvi_3m_fwd,0,-0.121,0.0996,False,185
Nashville,review_yoy_growth,zhvi_3m_fwd,1,-0.134,0.0692,False,184
Nashville,review_yoy_growth,zhvi_3m_fwd,2,-0.148,0.0451,True,183
Nashville,review_yoy_growth,zhvi_3m_fwd,3,-0.16,0.0307,True,182
Nashville,review_yoy_growth,zhvi_3m_fwd,6,-0.211,0.0046,True,179
Nashville,review_yoy_growth,zhvi_3m_fwd,9,-0.256,0.0006,True,176
Nashville,review_yoy_growth,zhvi_3m_fwd,12,-0.275,0.0002,True,173
Nashville,review_yoy_growth,zhvi_6m_fwd,0,-0.145,0.0492,True,185
Nashville,review_yoy_growth,zhvi_6m_fwd,1,-0.158,0.0324,True,184
Nashville,review_yoy_growth,zhvi_6m_fwd,2,-0.172,0.0198,True,183
Nashville,review_yoy_growth,zhvi_6m_fwd,3,-0.187,0.0114,True,182
Nashville,review_yoy_growth,zhvi_6m_fwd,6,-0.229,0.002,True,179
Nashville,review_yoy_growth,zhvi_6m_fwd,9,-0.264,0.0004,True,176
Nashville,review_yoy_growth,zhvi_6m_fwd,12,-0.281,0.0002,True,173
Nashville,review_yoy_growth,zhvi_12m_fwd,0,-0.195,0.0079,True,185
Nashville,review_yoy_growth,zhvi_12m_fwd,1,-0.209,0.0044,True,184
Nashville,review_yoy_growth,zhvi_12m_fwd,2,-0.222,0.0026,True,183
Nashville,review_yoy_growth,zhvi_12m_fwd,3,-0.233,0.0015,True,182
Nashville,review_yoy_growth,zhvi_12m_fwd,6,-0.268,0.0003,True,179
Nashville,review_yoy_growth,zhvi_12m_fwd,9,-0.299,0.0001,True,176
Nashville,review_yoy_growth,zhvi_12m_fwd,12,-0.319,0.0,True,173
Nashville,checkin_volume,zhvi_3m_fwd,0,0.356,0.0,True,197
Nashville,checkin_volume,zhvi_3m_fwd,1,0.377,0.0,True,196
Nashville,checkin_volume,zhvi_3m_fwd,2,0.389,0.0,True,195
Nashville,checkin_volume,zhvi_3m_fwd,3,0.398,0.0,True,194
Nashville,checkin_volume,zhvi_3m_fwd,6,0.427,0.0,True,191
Nashville,checkin_volume,zhvi_3m_fwd,9,0.445,0.0,True,188
Nashville,checkin_volume,zhvi_3m_fwd,12,0.493,0.0,True,185
Nashville,checkin_volume,zhvi_6m_fwd,0,0.355,0.0,True,197
Nashville,checkin_volume,zhvi_6m_fwd,1,0.374,0.0,True,196
Nashville,checkin_volume,zhvi_6m_fwd,2,0.386,0.0,True,195
Nashville,checkin_volume,zhvi_6m_fwd,3,0.396,0.0,True,194
Nashville,checkin_volume,zhvi_6m_fwd,6,0.419,0.0,True,191
Nashville,checkin_volume,zhvi_6m_fwd,9,0.442,0.0,True,188
Nashville,checkin_volume,zhvi_6m_fwd,12,0.502,0.0,True,185
Nashville,checkin_volume,zhvi_12m_fwd,0,0.399,0.0,True,197
Nashville,checkin_volume,zhvi_12m_fwd,1,0.41,0.0,True,196
Nashville,checkin_volume,zhvi_12m_fwd,2,0.418,0.0,True,195
Nashville,checkin_volume,zhvi_12m_fwd,3,0.427,0.0,True,194
Nashville,checkin_volume,zhvi_12m_fwd,6,0.465,0.0,True,191
Nashville,checkin_volume,zhvi_12m_fwd,9,0.51,0.0,True,188
Nashville,checkin_volume,zhvi_12m_fwd,12,0.566,0.0,True,185
Nashville,checkin_yoy_growth,zhvi_3m_fwd,0,,,False,145
Nashville,checkin_yoy_growth,zhvi_3m_fwd,1,,,False,144
Nashville,checkin_yoy_growth,zhvi_3m_fwd,2,,,False,143
Nashville,checkin_yoy_growth,zhvi_3m_fwd,3,,,False,142
Nashville,checkin_yoy_growth,zhvi_3m_fwd,6,,,False,139
Nashville,checkin_yoy_growth,zhvi_3m_fwd,9,,,False,136
Nashville,checkin_yoy_growth,zhvi_3m_fwd,12,,,False,133
Nashville,checkin_yoy_growth,zhvi_6m_fwd,0,,,False,145
Nashville,checkin_yoy_growth,zhvi_6m_fwd,1,,,False,144
Nashville,checkin_yoy_growth,zhvi_6m_fwd,2,,,False,143
Nashville,checkin_yoy_growth,zhvi_6m_fwd,3,,,False,142
Nashville,checkin_yoy_growth,zhvi_6m_fwd,6,,,False,139
Nashville,checkin_yoy_growth,zhvi_6m_fwd,9,,,False,136
Nashville,checkin_yoy_growth,zhvi_6m_fwd,12,,,False,133
Nashville,checkin_yoy_growth,zhvi_12m_fwd,0,,,False,145
Nashville,checkin_yoy_growth,zhvi_12m_fwd,1,,,False,144
Nashville,checkin_yoy_growth,zhvi_12m_fwd,2,,,False,143
Nashville,checkin_yoy_growth,zhvi_12m_fwd,3,,,False,142
Nashville,checkin_yoy_growth,zhvi_12m_fwd,6,,,False,139
Nashville,checkin_yoy_growth,zhvi_12m_fwd,9,,,False,136
Nashville,checkin_yoy_growth,zhvi_12m_fwd,12,,,False,133
Nashville,avg_stars,zhvi_3m_fwd,0,0.227,0.0014,True,197
Nashville,avg_stars,zhvi_3m_fwd,1,0.233,0.001,True,196
Nashville,avg_stars,zhvi_3m_fwd,2,0.239,0.0008,True,195
Nashville,avg_stars,zhvi_3m_fwd,3,0.263,0.0002,True,194
Nashville,avg_stars,zhvi_3m_fwd,6,0.282,0.0001,True,191
Nashville,avg_stars,zhvi_3m_fwd,9,0.262,0.0003,True,188
Nashville,avg_stars,zhvi_3m_fwd,12,0.249,0.0006,True,185
Nashville,avg_stars,zhvi_6m_fwd,0,0.243,0.0006,True,197
Nashville,avg_stars,zhvi_6m_fwd,1,0.25,0.0004,True,196
Nashville,avg_stars,zhvi_6m_fwd,2,0.256,0.0003,True,195
Nashville,avg_stars,zhvi_6m_fwd,3,0.272,0.0001,True,194
Nashville,avg_stars,zhvi_6m_fwd,6,0.278,0.0001,True,191
Nashville,avg_stars,zhvi_6m_fwd,9,0.269,0.0002,True,188
Nashville,avg_stars,zhvi_6m_fwd,12,0.255,0.0005,True,185
Nashville,avg_stars,zhvi_12m_fwd,0,0.274,0.0001,True,197
Nashville,avg_stars,zhvi_12m_fwd,1,0.28,0.0001,True,196
Nashville,avg_stars,zhvi_12m_fwd,2,0.287,0.0,True,195
Nashville,avg_stars,zhvi_12m_fwd,3,0.291,0.0,True,194
Nashville,avg_stars,zhvi_12m_fwd,6,0.29,0.0,True,191
Nashville,avg_stars,zhvi_12m_fwd,9,0.259,0.0003,True,188
Nashville,avg_stars,zhvi_12m_fwd,12,0.216,0.0031,True,185
Nashville,reviews_per_restaurant,zhvi_3m_fwd,0,0.518,0.0,True,197
Nashville,reviews_per_restaurant,zhvi_3m_fwd,1,0.529,0.0,True,196
Nashville,reviews_per_restaurant,zhvi_3m_fwd,2,0.526,0.0,True,195
Nashville,reviews_per_restaurant,zhvi_3m_fwd,3,0.526,0.0,True,194
Nashville,reviews_per_restaurant,zhvi_3m_fwd,6,0.52,0.0,True,191
Nashville,reviews_per_restaurant,zhvi_3m_fwd,9,0.489,0.0,True,188
Nashville,reviews_per_restaurant,zhvi_3m_fwd,12,0.513,0.0,True,185
Nashville,reviews_per_restaurant,zhvi_6m_fwd,0,0.523,0.0,True,197
Nashville,reviews_per_restaurant,zhvi_6m_fwd,1,0.533,0.0,True,196
Nashville,reviews_per_restaurant,zhvi_6m_fwd,2,0.533,0.0,True,195
Nashville,reviews_per_restaurant,zhvi_6m_fwd,3,0.534,0.0,True,194
Nashville,reviews_per_restaurant,zhvi_6m_fwd,6,0.519,0.0,True,191
Nashville,reviews_per_restaurant,zhvi_6m_fwd,9,0.501,0.0,True,188
Nashville,reviews_per_restaurant,zhvi_6m_fwd,12,0.544,0.0,True,185
Nashville,reviews_per_restaurant,zhvi_12m_fwd,0,0.548,0.0,True,197
Nashville,reviews_per_restaurant,zhvi_12m_fwd,1,0.545,0.0,True,196
Nashville,reviews_per_restaurant,zhvi_12m_fwd,2,0.539,0.0,True,195
Nashville,reviews_per_restaurant,zhvi_12m_fwd,3,0.535,0.0,True,194
Nashville,reviews_per_restaurant,zhvi_12m_fwd,6,0.539,0.0,True,191
Nashville,reviews_per_restaurant,zhvi_12m_fwd,9,0.563,0.0,True,188
Nashville,reviews_per_restaurant,zhvi_12m_fwd,12,0.604,0.0,True,185
New Orleans,review_volume,zhvi_3m_fwd,0,0.142,0.0439,True,202
New Orleans,review_volume,zhvi_3m_fwd,1,0.149,0.0345,True,201
New Orleans,review_volume,zhvi_3m_fwd,2,0.148,0.0362,True,200
New Orleans,review_volume,zhvi_3m_fwd,3,0.15,0.0339,True,199
New Orleans,review_volume,zhvi_3m_fwd,6,0.239,0.0007,True,196
New Orleans,review_volume,zhvi_3m_fwd,9,0.322,0.0,True,193
New Orleans,review_volume,zhvi_3m_fwd,12,0.371,0.0,True,190
New Orleans,review_volume,zhvi_6m_fwd,0,0.154,0.0288,True,202
New Orleans,review_volume,zhvi_6m_fwd,1,0.165,0.0191,True,201
New Orleans,review_volume,zhvi_6m_fwd,2,0.181,0.0104,True,200
New Orleans,review_volume,zhvi_6m_fwd,3,0.204,0.0039,True,199
New Orleans,review_volume,zhvi_6m_fwd,6,0.306,0.0,True,196
New Orleans,review_volume,zhvi_6m_fwd,9,0.38,0.0,True,193
New Orleans,review_volume,zhvi_6m_fwd,12,0.472,0.0,True,190
New Orleans,review_volume,zhvi_12m_fwd,0,0.237,0.0007,True,202
New Orleans,review_volume,zhvi_12m_fwd,1,0.258,0.0002,True,201
New Orleans,review_volume,zhvi_12m_fwd,2,0.282,0.0001,True,200
New Orleans,review_volume,zhvi_12m_fwd,3,0.309,0.0,True,199
New Orleans,review_volume,zhvi_12m_fwd,6,0.41,0.0,True,196
New Orleans,review_volume,zhvi_12m_fwd,9,0.525,0.0,True,193
New Orleans,review_volume,zhvi_12m_fwd,12,0.624,0.0,True,190
New Orleans,review_yoy_growth,zhvi_3m_fwd,0,-0.01,0.8924,False,190
New Orleans,review_yoy_growth,zhvi_3m_fwd,1,-0.037,0.6089,False,189
New Orleans,review_yoy_growth,zhvi_3m_fwd,2,-0.068,0.3504,False,188
New Orleans,review_yoy_growth,zhvi_3m_fwd,3,-0.093,0.2039,False,187
New Orleans,review_yoy_growth,zhvi_3m_fwd,6,-0.164,0.0264,True,184
New Orleans,review_yoy_growth,zhvi_3m_fwd,9,-0.277,0.0002,True,181
New Orleans,review_yoy_growth,zhvi_3m_fwd,12,-0.346,0.0,True,178
New Orleans,review_yoy_growth,zhvi_6m_fwd,0,-0.059,0.4179,False,190
New Orleans,review_yoy_growth,zhvi_6m_fwd,1,-0.083,0.258,False,189
New Orleans,review_yoy_growth,zhvi_6m_fwd,2,-0.112,0.1269,False,188
New Orleans,review_yoy_growth,zhvi_6m_fwd,3,-0.145,0.0471,True,187
New Orleans,review_yoy_growth,zhvi_6m_fwd,6,-0.24,0.001,True,184
New Orleans,review_yoy_growth,zhvi_6m_fwd,9,-0.345,0.0,True,181
New Orleans,review_yoy_growth,zhvi_6m_fwd,12,-0.441,0.0,True,178
New Orleans,review_yoy_growth,zhvi_12m_fwd,0,-0.161,0.0262,True,190
New Orleans,review_yoy_growth,zhvi_12m_fwd,1,-0.192,0.008,True,189
New Orleans,review_yoy_growth,zhvi_12m_fwd,2,-0.226,0.0018,True,188
New Orleans,review_yoy_growth,zhvi_12m_fwd,3,-0.265,0.0002,True,187
New Orleans,review_yoy_growth,zhvi_12m_fwd,6,-0.385,0.0,True,184
New Orleans,review_yoy_growth,zhvi_12m_fwd,9,-0.435,0.0,True,181
New Orleans,review_yoy_growth,zhvi_12m_fwd,12,-0.424,0.0,True,178
New Orleans,checkin_volume,zhvi_3m_fwd,0,0.011,0.8733,False,202
New Orleans,checkin_volume,zhvi_3m_fwd,1,0.018,0.7989,False,201
New Orleans,checkin_volume,zhvi_3m_fwd,2,0.02,0.7777,False,200
New Orleans,checkin_volume,zhvi_3m_fwd,3,0.03,0.675,False,199
New Orleans,checkin_volume,zhvi_3m_fwd,6,0.115,0.1083,False,196
New Orleans,checkin_volume,zhvi_3m_fwd,9,0.204,0.0043,True,193
New Orleans,checkin_volume,zhvi_3m_fwd,12,0.28,0.0001,True,190
New Orleans,checkin_volume,zhvi_6m_fwd,0,0.013,0.8539,False,202
New Orleans,checkin_volume,zhvi_6m_fwd,1,0.027,0.7059,False,201
New Orleans,checkin_volume,zhvi_6m_fwd,2,0.044,0.5368,False,200
New Orleans,checkin_volume,zhvi_6m_fwd,3,0.067,0.3465,False,199
New Orleans,checkin_volume,zhvi_6m_fwd,6,0.166,0.0203,True,196
New Orleans,checkin_volume,zhvi_6m_fwd,9,0.257,0.0003,True,193
New Orleans,checkin_volume,zhvi_6m_fwd,12,0.351,0.0,True,190
New Orleans,checkin_volume,zhvi_12m_fwd,0,0.092,0.1935,False,202
New Orleans,checkin_volume,zhvi_12m_fwd,1,0.116,0.1014,False,201
New Orleans,checkin_volume,zhvi_12m_fwd,2,0.142,0.0444,True,200
New Orleans,checkin_volume,zhvi_12m_fwd,3,0.172,0.0154,True,199
New Orleans,checkin_volume,zhvi_12m_fwd,6,0.279,0.0001,True,196
New Orleans,checkin_volume,zhvi_12m_fwd,9,0.387,0.0,True,193
New Orleans,checkin_volume,zhvi_12m_fwd,12,0.484,0.0,True,190
New Orleans,checkin_yoy_growth,zhvi_3m_fwd,0,,,False,145
New Orleans,checkin_yoy_growth,zhvi_3m_fwd,1,,,False,144
New Orleans,checkin_yoy_growth,zhvi_3m_fwd,2,,,False,143
New Orleans,checkin_yoy_growth,zhvi_3m_fwd,3,,,False,142
New Orleans,checkin_yoy_growth,zhvi_3m_fwd,6,,,False,139
New Orleans,checkin_yoy_growth,zhvi_3m_fwd,9,,,False,136
New Orleans,checkin_yoy_growth,zhvi_3m_fwd,12,,,False,133
New Orleans,checkin_yoy_growth,zhvi_6m_fwd,0,,,False,145
New Orleans,checkin_yoy_growth,zhvi_6m_fwd,1,,,False,144
New Orleans,checkin_yoy_growth,zhvi_6m_fwd,2,,,False,143
New Orleans,checkin_yoy_growth,zhvi_6m_fwd,3,,,False,142
New Orleans,checkin_yoy_growth,zhvi_6m_fwd,6,,,False,139
New Orleans,checkin_yoy_growth,zhvi_6m_fwd,9,,,False,136
New Orleans,checkin_yoy_growth,zhvi_6m_fwd,12,,,False,133
New Orleans,checkin_yoy_growth,zhvi_12m_fwd,0,,,False,145
New Orleans,checkin_yoy_growth,zhvi_12m_fwd,1,,,False,144
New Orleans,checkin_yoy_growth,zhvi_12m_fwd,2,,,False,143
New Orleans,checkin_yoy_growth,zhvi_12m_fwd,3,,,False,142
New Orleans,checkin_yoy_growth,zhvi_12m_fwd,6,,,False,139
New Orleans,checkin_yoy_growth,zhvi_12m_fwd,9,,,False,136
New Orleans,checkin_yoy_growth,zhvi_12m_fwd,12,,,False,133
New Orleans,avg_stars,zhvi_3m_fwd,0,0.435,0.0,True,202
New Orleans,avg_stars,zhvi_3m_fwd,1,0.418,0.0,True,201
New Orleans,avg_stars,zhvi_3m_fwd,2,0.398,0.0,True,200
New Orleans,avg_stars,zhvi_3m_fwd,3,0.371,0.0,True,199
New Orleans,avg_stars,zhvi_3m_fwd,6,0.295,0.0,True,196
New Orleans,avg_stars,zhvi_3m_fwd,9,0.201,0.0051,True,193
New Orleans,avg_stars,zhvi_3m_fwd,12,0.149,0.0396,True,190
New Orleans,avg_stars,zhvi_6m_fwd,0,0.44,0.0,True,202
New Orleans,avg_stars,zhvi_6m_fwd,1,0.42,0.0,True,201
New Orleans,avg_stars,zhvi_6m_fwd,2,0.396,0.0,True,200
New Orleans,avg_stars,zhvi_6m_fwd,3,0.365,0.0,True,199
New Orleans,avg_stars,zhvi_6m_fwd,6,0.273,0.0001,True,196
New Orleans,avg_stars,zhvi_6m_fwd,9,0.198,0.0058,True,193
New Orleans,avg_stars,zhvi_6m_fwd,12,0.145,0.0458,True,190
New Orleans,avg_stars,zhvi_12m_fwd,0,0.385,0.0,True,202
New Orleans,avg_stars,zhvi_12m_fwd,1,0.361,0.0,True,201
New Orleans,avg_stars,zhvi_12m_fwd,2,0.332,0.0,True,200
New Orleans,avg_stars,zhvi_12m_fwd,3,0.306,0.0,True,199
New Orleans,avg_stars,zhvi_12m_fwd,6,0.233,0.001,True,196
New Orleans,avg_stars,zhvi_12m_fwd,9,0.147,0.0414,True,193
New Orleans,avg_stars,zhvi_12m_fwd,12,0.054,0.4581,False,190
New Orleans,reviews_per_restaurant,zhvi_3m_fwd,0,0.142,0.0439,True,202
New Orleans,reviews_per_restaurant,zhvi_3m_fwd,1,0.149,0.0345,True,201
New Orleans,reviews_per_restaurant,zhvi_3m_fwd,2,0.148,0.0362,True,200
New Orleans,reviews_per_restaurant,zhvi_3m_fwd,3,0.15,0.0339,True,199
New Orleans,reviews_per_restaurant,zhvi_3m_fwd,6,0.239,0.0007,True,196
New Orleans,reviews_per_restaurant,zhvi_3m_fwd,9,0.322,0.0,True,193
New Orleans,reviews_per_restaurant,zhvi_3m_fwd,12,0.371,0.0,True,190
New Orleans,reviews_per_restaurant,zhvi_6m_fwd,0,0.154,0.0288,True,202
New Orleans,reviews_per_restaurant,zhvi_6m_fwd,1,0.165,0.0191,True,201
New Orleans,reviews_per_restaurant,zhvi_6m_fwd,2,0.181,0.0104,True,200
New Orleans,reviews_per_restaurant,zhvi_6m_fwd,3,0.204,0.0039,True,199
New Orleans,reviews_per_restaurant,zhvi_6m_fwd,6,0.306,0.0,True,196
New Orleans,reviews_per_restaurant,zhvi_6m_fwd,9,0.38,0.0,True,193
New Orleans,reviews_per_restaurant,zhvi_6m_fwd,12,0.472,0.0,True,190
New Orleans,reviews_per_restaurant,zhvi_12m_fwd,0,0.237,0.0007,True,202
New Orleans,reviews_per_restaurant,zhvi_12m_fwd,1,0.258,0.0002,True,201
New Orleans,reviews_per_restaurant,zhvi_12m_fwd,2,0.282,0.0001,True,200
New Orleans,reviews_per_restaurant,zhvi_12m_fwd,3,0.309,0.0,True,199
New Orleans,reviews_per_restaurant,zhvi_12m_fwd,6,0.41,0.0,True,196
New Orleans,reviews_per_restaurant,zhvi_12m_fwd,9,0.525,0.0,True,193
New Orleans,reviews_per_restaurant,zhvi_12m_fwd,12,0.624,0.0,True,190
Philadelphia,review_volume,zhvi_3m_fwd,0,0.077,0.2775,False,202
Philadelphia,review_volume,zhvi_3m_fwd,1,0.107,0.1315,False,201
Philadelphia,review_volume,zhvi_3m_fwd,2,0.136,0.0556,False,200
Philadelphia,review_volume,zhvi_3m_fwd,3,0.17,0.0165,True,199
Philadelphia,review_volume,zhvi_3m_fwd,6,0.291,0.0,True,196
Philadelphia,review_volume,zhvi_3m_fwd,9,0.391,0.0,True,193
Philadelphia,review_volume,zhvi_3m_fwd,12,0.506,0.0,True,190
Philadelphia,review_volume,zhvi_6m_fwd,0,0.114,0.1059,False,202
Philadelphia,review_volume,zhvi_6m_fwd,1,0.153,0.0305,True,201
Philadelphia,review_volume,zhvi_6m_fwd,2,0.19,0.007,True,200
Philadelphia,review_volume,zhvi_6m_fwd,3,0.232,0.001,True,199
Philadelphia,review_volume,zhvi_6m_fwd,6,0.345,0.0,True,196
Philadelphia,review_volume,zhvi_6m_fwd,9,0.449,0.0,True,193
Philadelphia,review_volume,zhvi_6m_fwd,12,0.575,0.0,True,190
Philadelphia,review_volume,zhvi_12m_fwd,0,0.238,0.0007,True,202
Philadelphia,review_volume,zhvi_12m_fwd,1,0.28,0.0001,True,201
Philadelphia,review_volume,zhvi_12m_fwd,2,0.32,0.0,True,200
Philadelphia,review_volume,zhvi_12m_fwd,3,0.362,0.0,True,199
Philadelphia,review_volume,zhvi_12m_fwd,6,0.491,0.0,True,196
Philadelphia,review_volume,zhvi_12m_fwd,9,0.594,0.0,True,193
Philadelphia,review_volume,zhvi_12m_fwd,12,0.671,0.0,True,190
Philadelphia,review_yoy_growth,zhvi_3m_fwd,0,-0.014,0.8526,False,190
Philadelphia,review_yoy_growth,zhvi_3m_fwd,1,-0.035,0.6372,False,189
Philadelphia,review_yoy_growth,zhvi_3m_fwd,2,-0.067,0.364,False,188
Philadelphia,review_yoy_growth,zhvi_3m_fwd,3,-0.101,0.1677,False,187
Philadelphia,review_yoy_growth,zhvi_3m_fwd,6,-0.164,0.0261,True,184
Philadelphia,review_yoy_growth,zhvi_3m_fwd,9,-0.177,0.0172,True,181
Philadelphia,review_yoy_growth,zhvi_3m_fwd,12,-0.18,0.0161,True,178
Philadelphia,review_yoy_growth,zhvi_6m_fwd,0,-0.065,0.3732,False,190
Philadelphia,review_yoy_growth,zhvi_6m_fwd,1,-0.091,0.2118,False,189
Philadelphia,review_yoy_growth,zhvi_6m_fwd,2,-0.118,0.1059,False,188
Philadelphia,review_yoy_growth,zhvi_6m_fwd,3,-0.142,0.0525,False,187
Philadelphia,review_yoy_growth,zhvi_6m_fwd,6,-0.178,0.0159,True,184
Philadelphia,review_yoy_growth,zhvi_6m_fwd,9,-0.189,0.011,True,181
Philadelphia,review_yoy_growth,zhvi_6m_fwd,12,-0.236,0.0015,True,178
Philadelphia,review_yoy_growth,zhvi_12m_fwd,0,-0.135,0.0633,False,190
Philadelphia,review_yoy_growth,zhvi_12m_fwd,1,-0.149,0.0412,True,189
Philadelphia,review_yoy_growth,zhvi_12m_fwd,2,-0.164,0.0244,True,188
Philadelphia,review_yoy_growth,zhvi_12m_fwd,3,-0.181,0.0134,True,187
Philadelphia,review_yoy_growth,zhvi_12m_fwd,6,-0.227,0.0019,True,184
Philadelphia,review_yoy_growth,zhvi_12m_fwd,9,-0.271,0.0002,True,181
Philadelphia,review_yoy_growth,zhvi_12m_fwd,12,-0.307,0.0,True,178
Philadelphia,checkin_volume,zhvi_3m_fwd,0,-0.042,0.5555,False,202
Philadelphia,checkin_volume,zhvi_3m_fwd,1,-0.014,0.8402,False,201
Philadelphia,checkin_volume,zhvi_3m_fwd,2,0.015,0.8303,False,200
Philadelphia,checkin_volume,zhvi_3m_fwd,3,0.049,0.4958,False,199
Philadelphia,checkin_volume,zhvi_3m_fwd,6,0.165,0.0208,True,196
Philadelphia,checkin_volume,zhvi_3m_fwd,9,0.261,0.0002,True,193
Philadelphia,checkin_volume,zhvi_3m_fwd,12,0.355,0.0,True,190
Philadelphia,checkin_volume,zhvi_6m_fwd,0,-0.017,0.8149,False,202
Philadelphia,checkin_volume,zhvi_6m_fwd,1,0.018,0.8008,False,201
Philadelphia,checkin_volume,zhvi_6m_fwd,2,0.054,0.4496,False,200
Philadelphia,checkin_volume,zhvi_6m_fwd,3,0.092,0.1965,False,199
Philadelphia,checkin_volume,zhvi_6m_fwd,6,0.2,0.0049,True,196
Philadelphia,checkin_volume,zhvi_6m_fwd,9,0.293,0.0,True,193
Philadelphia,checkin_volume,zhvi_6m_fwd,12,0.393,0.0,True,190
Philadelphia,checkin_volume,zhvi_12m_fwd,0,0.082,0.2445,False,202
Philadelphia,checkin_volume,zhvi_12m_fwd,1,0.12,0.0901,False,201
Philadelphia,checkin_volume,zhvi_12m_fwd,2,0.156,0.0272,True,200
Philadelphia,checkin_volume,zhvi_12m_fwd,3,0.193,0.0062,True,199
Philadelphia,checkin_volume,zhvi_12m_fwd,6,0.305,0.0,True,196
Philadelphia,checkin_volume,zhvi_12m_fwd,9,0.395,0.0,True,193
Philadelphia,checkin_volume,zhvi_12m_fwd,12,0.465,0.0,True,190
Philadelphia,checkin_yoy_growth,zhvi_3m_fwd,0,,,False,145
Philadelphia,checkin_yoy_growth,zhvi_3m_fwd,1,,,False,144
Philadelphia,checkin_yoy_growth,zhvi_3m_fwd,2,,,False,143
Philadelphia,checkin_yoy_growth,zhvi_3m_fwd,3,,,False,142
Philadelphia,checkin_yoy_growth,zhvi_3m_fwd,6,,,False,139
Philadelphia,checkin_yoy_growth,zhvi_3m_fwd,9,,,False,136
Philadelphia,checkin_yoy_growth,zhvi_3m_fwd,12,,,False,133
Philadelphia,checkin_yoy_growth,zhvi_6m_fwd,0,,,False,145
Philadelphia,checkin_yoy_growth,zhvi_6m_fwd,1,,,False,144
Philadelphia,checkin_yoy_growth,zhvi_6m_fwd,2,,,False,143
Philadelphia,checkin_yoy_growth,zhvi_6m_fwd,3,,,False,142
Philadelphia,checkin_yoy_growth,zhvi_6m_fwd,6,,,False,139
Philadelphia,checkin_yoy_growth,zhvi_6m_fwd,9,,,False,136
Philadelphia,checkin_yoy_growth,zhvi_6m_fwd,12,,,False,133
Philadelphia,checkin_yoy_growth,zhvi_12m_fwd,0,,,False,145
Philadelphia,checkin_yoy_growth,zhvi_12m_fwd,1,,,False,144
Philadelphia,checkin_yoy_growth,zhvi_12m_fwd,2,,,False,143
Philadelphia,checkin_yoy_growth,zhvi_12m_fwd,3,,,False,142
Philadelphia,checkin_yoy_growth,zhvi_12m_fwd,6,,,False,139
Philadelphia,checkin_yoy_growth,zhvi_12m_fwd,9,,,False,136
Philadelphia,checkin_yoy_growth,zhvi_12m_fwd,12,,,False,133
Philadelphia,avg_stars,zhvi_3m_fwd,0,0.5,0.0,True,202
Philadelphia,avg_stars,zhvi_3m_fwd,1,0.504,0.0,True,201
Philadelphia,avg_stars,zhvi_3m_fwd,2,0.478,0.0,True,200
Philadelphia,avg_stars,zhvi_3m_fwd,3,0.445,0.0,True,199
Philadelphia,avg_stars,zhvi_3m_fwd,6,0.344,0.0,True,196
Philadelphia,avg_stars,zhvi_3m_fwd,9,0.291,0.0,True,193
Philadelphia,avg_stars,zhvi_3m_fwd,12,0.307,0.0,True,190
Philadelphia,avg_stars,zhvi_6m_fwd,0,0.494,0.0,True,202
Philadelphia,avg_stars,zhvi_6m_fwd,1,0.473,0.0,True,201
Philadelphia,avg_stars,zhvi_6m_fwd,2,0.439,0.0,True,200
Philadelphia,avg_stars,zhvi_6m_fwd,3,0.403,0.0,True,199
Philadelphia,avg_stars,zhvi_6m_fwd,6,0.331,0.0,True,196
Philadelphia,avg_stars,zhvi_6m_fwd,9,0.323,0.0,True,193
Philadelphia,avg_stars,zhvi_6m_fwd,12,0.299,0.0,True,190
Philadelphia,avg_stars,zhvi_12m_fwd,0,0.454,0.0,True,202
Philadelphia,avg_stars,zhvi_12m_fwd,1,0.432,0.0,True,201
Philadelphia,avg_stars,zhvi_12m_fwd,2,0.414,0.0,True,200
Philadelphia,avg_stars,zhvi_12m_fwd,3,0.398,0.0,True,199
Philadelphia,avg_stars,zhvi_12m_fwd,6,0.351,0.0,True,196
Philadelphia,avg_stars,zhvi_12m_fwd,9,0.29,0.0,True,193
Philadelphia,avg_stars,zhvi_12m_fwd,12,0.233,0.0012,True,190
Philadelphia,reviews_per_restaurant,zhvi_3m_fwd,0,0.077,0.2775,False,202
Philadelphia,reviews_per_restaurant,zhvi_3m_fwd,1,0.107,0.1315,False,201
Philadelphia,reviews_per_restaurant,zhvi_3m_fwd,2,0.136,0.0556,False,200
Philadelphia,reviews_per_restaurant,zhvi_3m_fwd,3,0.17,0.0165,True,199
Philadelphia,reviews_per_restaurant,zhvi_3m_fwd,6,0.291,0.0,True,196
Philadelphia,reviews_per_restaurant,zhvi_3m_fwd,9,0.391,0.0,True,193
Philadelphia,reviews_per_restaurant,zhvi_3m_fwd,12,0.506,0.0,True,190
Philadelphia,reviews_per_restaurant,zhvi_6m_fwd,0,0.114,0.1059,False,202
Philadelphia,reviews_per_restaurant,zhvi_6m_fwd,1,0.153,0.0305,True,201
Philadelphia,reviews_per_restaurant,zhvi_6m_fwd,2,0.19,0.007,True,200
Philadelphia,reviews_per_restaurant,zhvi_6m_fwd,3,0.232,0.001,True,199
Philadelphia,reviews_per_restaurant,zhvi_6m_fwd,6,0.345,0.0,True,196
Philadelphia,reviews_per_restaurant,zhvi_6m_fwd,9,0.449,0.0,True,193
Philadelphia,reviews_per_restaurant,zhvi_6m_fwd,12,0.575,0.0,True,190
Philadelphia,reviews_per_restaurant,zhvi_12m_fwd,0,0.238,0.0007,True,202
Philadelphia,reviews_per_restaurant,zhvi_12m_fwd,1,0.28,0.0001,True,201
Philadelphia,reviews_per_restaurant,zhvi_12m_fwd,2,0.32,0.0,True,200
Philadelphia,reviews_per_restaurant,zhvi_12m_fwd,3,0.362,0.0,True,199
Philadelphia,reviews_per_restaurant,zhvi_12m_fwd,6,0.491,0.0,True,196
Philadelphia,reviews_per_restaurant,zhvi_12m_fwd,9,0.594,0.0,True,193
Philadelphia,reviews_per_restaurant,zhvi_12m_fwd,12,0.671,0.0,True,190
Tampa,review_volume,zhvi_3m_fwd,0,0.587,0.0,True,196
Tampa,review_volume,zhvi_3m_fwd,1,0.603,0.0,True,195
Tampa,review_volume,zhvi_3m_fwd,2,0.61,0.0,True,194
Tampa,review_volume,zhvi_3m_fwd,3,0.618,0.0,True,193
Tampa,review_volume,zhvi_3m_fwd,6,0.643,0.0,True,190
Tampa,review_volume,zhvi_3m_fwd,9,0.641,0.0,True,187
Tampa,review_volume,zhvi_3m_fwd,12,0.628,0.0,True,184
Tampa,review_volume,zhvi_6m_fwd,0,0.603,0.0,True,196
Tampa,review_volume,zhvi_6m_fwd,1,0.617,0.0,True,195
Tampa,review_volume,zhvi_6m_fwd,2,0.625,0.0,True,194
Tampa,review_volume,zhvi_6m_fwd,3,0.635,0.0,True,193
Tampa,review_volume,zhvi_6m_fwd,6,0.65,0.0,True,190
Tampa,review_volume,zhvi_6m_fwd,9,0.641,0.0,True,187
Tampa,review_volume,zhvi_6m_fwd,12,0.635,0.0,True,184
Tampa,review_volume,zhvi_12m_fwd,0,0.643,0.0,True,196
Tampa,review_volume,zhvi_12m_fwd,1,0.652,0.0,True,195
Tampa,review_volume,zhvi_12m_fwd,2,0.657,0.0,True,194
Tampa,review_volume,zhvi_12m_fwd,3,0.66,0.0,True,193
Tampa,review_volume,zhvi_12m_fwd,6,0.66,0.0,True,190
Tampa,review_volume,zhvi_12m_fwd,9,0.655,0.0,True,187
Tampa,review_volume,zhvi_12m_fwd,12,0.649,0.0,True,184
Tampa,review_yoy_growth,zhvi_3m_fwd,0,-0.347,0.0,True,184
Tampa,review_yoy_growth,zhvi_3m_fwd,1,-0.338,0.0,True,183
Tampa,review_yoy_growth,zhvi_3m_fwd,2,-0.332,0.0,True,182
Tampa,review_yoy_growth,zhvi_3m_fwd,3,-0.328,0.0,True,181
Tampa,review_yoy_growth,zhvi_3m_fwd,6,-0.36,0.0,True,178
Tampa,review_yoy_growth,zhvi_3m_fwd,9,-0.367,0.0,True,175
Tampa,review_yoy_growth,zhvi_3m_fwd,12,-0.396,0.0,True,172
Tampa,review_yoy_growth,zhvi_6m_fwd,0,-0.342,0.0,True,184
Tampa,review_yoy_growth,zhvi_6m_fwd,1,-0.339,0.0,True,183
Tampa,review_yoy_growth,zhvi_6m_fwd,2,-0.342,0.0,True,182
Tampa,review_yoy_growth,zhvi_6m_fwd,3,-0.348,0.0,True,181
Tampa,review_yoy_growth,zhvi_6m_fwd,6,-0.361,0.0,True,178
Tampa,review_yoy_growth,zhvi_6m_fwd,9,-0.377,0.0,True,175
Tampa,review_yoy_growth,zhvi_6m_fwd,12,-0.41,0.0,True,172
Tampa,review_yoy_growth,zhvi_12m_fwd,0,-0.362,0.0,True,184
Tampa,review_yoy_growth,zhvi_12m_fwd,1,-0.362,0.0,True,183
Tampa,review_yoy_growth,zhvi_12m_fwd,2,-0.365,0.0,True,182
Tampa,review_yoy_growth,zhvi_12m_fwd,3,-0.37,0.0,True,181
Tampa,review_yoy_growth,zhvi_12m_fwd,6,-0.394,0.0,True,178
Tampa,review_yoy_growth,zhvi_12m_fwd,9,-0.417,0.0,True,175
Tampa,review_yoy_growth,zhvi_12m_fwd,12,-0.44,0.0,True,172
Tampa,checkin_volume,zhvi_3m_fwd,0,0.54,0.0,True,196
Tampa,checkin_volume,zhvi_3m_fwd,1,0.562,0.0,True,195
Tampa,checkin_volume,zhvi_3m_fwd,2,0.574,0.0,True,194
Tampa,checkin_volume,zhvi_3m_fwd,3,0.587,0.0,True,193
Tampa,checkin_volume,zhvi_3m_fwd,6,0.629,0.0,True,190
Tampa,checkin_volume,zhvi_3m_fwd,9,0.645,0.0,True,187
Tampa,checkin_volume,zhvi_3m_fwd,12,0.648,0.0,True,184
Tampa,checkin_volume,zhvi_6m_fwd,0,0.546,0.0,True,196
Tampa,checkin_volume,zhvi_6m_fwd,1,0.564,0.0,True,195
Tampa,checkin_volume,zhvi_6m_fwd,2,0.576,0.0,True,194
Tampa,checkin_volume,zhvi_6m_fwd,3,0.59,0.0,True,193
Tampa,checkin_volume,zhvi_6m_fwd,6,0.62,0.0,True,190
Tampa,checkin_volume,zhvi_6m_fwd,9,0.628,0.0,True,187
Tampa,checkin_volume,zhvi_6m_fwd,12,0.633,0.0,True,184
Tampa,checkin_volume,zhvi_12m_fwd,0,0.58,0.0,True,196
Tampa,checkin_volume,zhvi_12m_fwd,1,0.594,0.0,True,195
Tampa,checkin_volume,zhvi_12m_fwd,2,0.604,0.0,True,194
Tampa,checkin_volume,zhvi_12m_fwd,3,0.613,0.0,True,193
Tampa,checkin_volume,zhvi_12m_fwd,6,0.628,0.0,True,190
Tampa,checkin_volume,zhvi_12m_fwd,9,0.632,0.0,True,187
Tampa,checkin_volume,zhvi_12m_fwd,12,0.632,0.0,True,184
Tampa,checkin_yoy_growth,zhvi_3m_fwd,0,,,False,145
Tampa,checkin_yoy_growth,zhvi_3m_fwd,1,,,False,144
Tampa,checkin_yoy_growth,zhvi_3m_fwd,2,,,False,143
Tampa,checkin_yoy_growth,zhvi_3m_fwd,3,,,False,142
Tampa,checkin_yoy_growth,zhvi_3m_fwd,6,,,False,139
Tampa,checkin_yoy_growth,zhvi_3m_fwd,9,,,False,136
Tampa,checkin_yoy_growth,zhvi_3m_fwd,12,,,False,133
Tampa,checkin_yoy_growth,zhvi_6m_fwd,0,,,False,145
Tampa,checkin_yoy_growth,zhvi_6m_fwd,1,,,False,144
Tampa,checkin_yoy_growth,zhvi_6m_fwd,2,,,False,143
Tampa,checkin_yoy_growth,zhvi_6m_fwd,3,,,False,142
Tampa,checkin_yoy_growth,zhvi_6m_fwd,6,,,False,139
Tampa,checkin_yoy_growth,zhvi_6m_fwd,9,,,False,136
Tampa,checkin_yoy_growth,zhvi_6m_fwd,12,,,False,133
Tampa,checkin_yoy_growth,zhvi_12m_fwd,0,,,False,145
Tampa,checkin_yoy_growth,zhvi_12m_fwd,1,,,False,144
Tampa,checkin_yoy_growth,zhvi_12m_fwd,2,,,False,143
Tampa,checkin_yoy_growth,zhvi_12m_fwd,3,,,False,142
Tampa,checkin_yoy_growth,zhvi_12m_fwd,6,,,False,139
Tampa,checkin_yoy_growth,zhvi_12m_fwd,9,,,False,136
Tampa,checkin_yoy_growth,zhvi_12m_fwd,12,,,False,133
Tampa,avg_stars,zhvi_3m_fwd,0,0.123,0.0849,False,196
Tampa,avg_stars,zhvi_3m_fwd,1,0.14,0.0502,False,195
Tampa,avg_stars,zhvi_3m_fwd,2,0.14,0.051,False,194
Tampa,avg_stars,zhvi_3m_fwd,3,0.149,0.0382,True,193
Tampa,avg_stars,zhvi_3m_fwd,6,0.152,0.0367,True,190
Tampa,avg_stars,zhvi_3m_fwd,9,0.118,0.1063,False,187
Tampa,avg_stars,zhvi_3m_fwd,12,0.141,0.0555,False,184
Tampa,avg_stars,zhvi_6m_fwd,0,0.137,0.0563,False,196
Tampa,avg_stars,zhvi_6m_fwd,1,0.146,0.042,True,195
Tampa,avg_stars,zhvi_6m_fwd,2,0.154,0.0319,True,194
Tampa,avg_stars,zhvi_6m_fwd,3,0.15,0.0367,True,193
Tampa,avg_stars,zhvi_6m_fwd,6,0.135,0.0624,False,190
Tampa,avg_stars,zhvi_6m_fwd,9,0.134,0.0665,False,187
Tampa,avg_stars,zhvi_6m_fwd,12,0.136,0.065,False,184
Tampa,avg_stars,zhvi_12m_fwd,0,0.141,0.0491,True,196
Tampa,avg_stars,zhvi_12m_fwd,1,0.148,0.0392,True,195
Tampa,avg_stars,zhvi_12m_fwd,2,0.152,0.0341,True,194
Tampa,avg_stars,zhvi_12m_fwd,3,0.151,0.0367,True,193
Tampa,avg_stars,zhvi_12m_fwd,6,0.147,0.0424,True,190
Tampa,avg_stars,zhvi_12m_fwd,9,0.133,0.0693,False,187
Tampa,avg_stars,zhvi_12m_fwd,12,0.111,0.133,False,184
Tampa,reviews_per_restaurant,zhvi_3m_fwd,0,0.587,0.0,True,196
Tampa,reviews_per_restaurant,zhvi_3m_fwd,1,0.603,0.0,True,195
Tampa,reviews_per_restaurant,zhvi_3m_fwd,2,0.61,0.0,True,194
Tampa,reviews_per_restaurant,zhvi_3m_fwd,3,0.618,0.0,True,193
Tampa,reviews_per_restaurant,zhvi_3m_fwd,6,0.643,0.0,True,190
Tampa,reviews_per_restaurant,zhvi_3m_fwd,9,0.641,0.0,True,187
Tampa,reviews_per_restaurant,zhvi_3m_fwd,12,0.628,0.0,True,184
Tampa,reviews_per_restaurant,zhvi_6m_fwd,0,0.603,0.0,True,196
Tampa,reviews_per_restaurant,zhvi_6m_fwd,1,0.617,0.0,True,195
Tampa,reviews_per_restaurant,zhvi_6m_fwd,2,0.625,0.0,True,194
Tampa,reviews_per_restaurant,zhvi_6m_fwd,3,0.635,0.0,True,193
Tampa,reviews_per_restaurant,zhvi_6m_fwd,6,0.65,0.0,True,190
Tampa,reviews_per_restaurant,zhvi_6m_fwd,9,0.641,0.0,True,187
Tampa,reviews_per_restaurant,zhvi_6m_fwd,12,0.635,0.0,True,184
Tampa,reviews_per_restaurant,zhvi_12m_fwd,0,0.643,0.0,True,196
Tampa,reviews_per_restaurant,zhvi_12m_fwd,1,0.652,0.0,True,195
Tampa,reviews_per_restaurant,zhvi_12m_fwd,2,0.657,0.0,True,194
Tampa,reviews_per_restaurant,zhvi_12m_fwd,3,0.66,0.0,True,193
Tampa,reviews_per_restaurant,zhvi_12m_fwd,6,0.66,0.0,True,190
Tampa,reviews_per_restaurant,zhvi_12m_fwd,9,0.655,0.0,True,187
Tampa,reviews_per_restaurant,zhvi_12m_fwd,12,0.649,0.0,True,184
